Date,,,,,,,,Period,,,,,,,,Weeks,,,,,,,,Tuition Fee Calendar,,,,,,
M,T,W,T,F,S,S,,M,T,W,T,F,S,S,,M,T,W,T,F,S,S,,Monday,Tuesday,Wednesday,Thursday,Friday,Saturday,Sunday
4 Nov 2019,5 Nov 2019,6 Nov 2019,7 Nov 2019,8 Nov 2019,9 Nov 2019,10 Nov 2019,,24 Nov 2019,24 Nov 2019,24 Nov 2019,24 Nov 2019,24 Nov 2019,24 Nov 2019,24 Nov 2019,,3,3,3,3,3,3,3,,"04 Nov 2019

E-  1085
E+  1160
M-  1085
M+  1160
P-  1085
P+  1160
T-  1085
T+  1160
AE- 0
AE+ 0
AM- 0
AM+ 0","05 Nov 2019

E-  1085
E+  1160
M-  1085
M+  1160
P-  1085
P+  1160
T-  1085
T+  1160
AE- 0
AE+ 0
AM- 0
AM+ 0","06 Nov 2019

E-  1085
E+  1160
M-  1085
M+  1160
P-  1085
P+  1160
T-  1085
T+  1160
AE- 0
AE+ 0
AM- 0
AM+ 0","07 Nov 2019

E-  1085
E+  1160
M-  1085
M+  1160
P-  1085
P+  1160
T-  1085
T+  1160
AE- 0
AE+ 0
AM- 0
AM+ 0","08 Nov 2019

E-  1085
E+  1160
M-  1085
M+  1160
P-  1085
P+  1160
T-  1085
T+  1160
AE- 0
AE+ 0
AM- 0
AM+ 0","09 Nov 2019

E-  1085
E+  1160
M-  1085
M+  1160
P-  1085
P+  1160
T-  1085
T+  1160
AE- 0
AE+ 0
AM- 0
AM+ 0","10 Nov 2019

E-  1085
E+  1160
M-  1085
M+  1160
P-  1085
P+  1160
T-  1085
T+  1160
AE- 0
AE+ 0
AM- 0
AM+ 0"
11 Nov 2019,12 Nov 2019,13 Nov 2019,14 Nov 2019,15 Nov 2019,16 Nov 2019,17 Nov 2019,,24 Nov 2019,24 Nov 2019,24 Nov 2019,24 Nov 2019,24 Nov 2019,24 Nov 2019,24 Nov 2019,,2,2,2,2,2,2,2,,"11 Nov 2019

E-  725
E+  775
M-  725
M+  775
P-  725
P+  775
T-  725
T+  775
AE- 0
AE+ 0
AM- 0
AM+ 0","12 Nov 2019

E-  725
E+  775
M-  725
M+  775
P-  725
P+  775
T-  725
T+  775
AE- 0
AE+ 0
AM- 0
AM+ 0","13 Nov 2019

E-  725
E+  775
M-  725
M+  775
P-  725
P+  775
T-  725
T+  775
AE- 0
AE+ 0
AM- 0
AM+ 0","14 Nov 2019

E-  725
E+  775
M-  725
M+  775
P-  725
P+  775
T-  725
T+  775
AE- 0
AE+ 0
AM- 0
AM+ 0","15 Nov 2019

E-  725
E+  775
M-  725
M+  775
P-  725
P+  775
T-  725
T+  775
AE- 0
AE+ 0
AM- 0
AM+ 0","16 Nov 2019

E-  725
E+  775
M-  725
M+  775
P-  725
P+  775
T-  725
T+  775
AE- 0
AE+ 0
AM- 0
AM+ 0","17 Nov 2019

E-  725
E+  775
M-  725
M+  775
P-  725
P+  775
T-  725
T+  775
AE- 0
AE+ 0
AM- 0
AM+ 0"
18 Nov 2019,19 Nov 2019,20 Nov 2019,21 Nov 2019,22 Nov 2019,23 Nov 2019,24 Nov 2019,,24 Nov 2019,24 Nov 2019,24 Nov 2019,24 Nov 2019,24 Nov 2019,24 Nov 2019,24 Nov 2019,,1,1,1,1,1,1,1,,"18 Nov 2019

E-  360
E+  385
M-  360
M+  385
P-  360
P+  385
T-  360
T+  385
AE- 0
AE+ 0
AM- 0
AM+ 0","19 Nov 2019

E-  360
E+  385
M-  360
M+  385
P-  360
P+  385
T-  360
T+  385
AE- 0
AE+ 0
AM- 0
AM+ 0","20 Nov 2019

E-  360
E+  385
M-  360
M+  385
P-  360
P+  385
T-  360
T+  385
AE- 0
AE+ 0
AM- 0
AM+ 0","21 Nov 2019

E-  360
E+  385
M-  360
M+  385
P-  360
P+  385
T-  360
T+  385
AE- 0
AE+ 0
AM- 0
AM+ 0","22 Nov 2019

E-  360
E+  385
M-  360
M+  385
P-  360
P+  385
T-  360
T+  385
AE- 0
AE+ 0
AM- 0
AM+ 0","23 Nov 2019

E-  360
E+  385
M-  360
M+  385
P-  360
P+  385
T-  360
T+  385
AE- 0
AE+ 0
AM- 0
AM+ 0","24 Nov 2019

E-  360
E+  385
M-  360
M+  385
P-  360
P+  385
T-  360
T+  385
AE- 0
AE+ 0
AM- 0
AM+ 0"
25 Nov 2019,26 Nov 2019,27 Nov 2019,28 Nov 2019,29 Nov 2019,30 Nov 2019,1 Dec 2019,,29 Dec 2019,29 Dec 2019,29 Dec 2019,29 Dec 2019,29 Dec 2019,29 Dec 2019,29 Dec 2019,,4,4,4,4,4,4,4,,"25 Nov 2019

E-  1750
E+  1850
M-  1750
M+  1850
P-  1850
P+  1850
T-  1750
T+  1850
AE- 2500
AE+ 2500
AM- 2500
AM+ 2500","26 Nov 2019

E-  1750
E+  1850
M-  1750
M+  1850
P-  1850
P+  1850
T-  1750
T+  1850
AE- 2500
AE+ 2500
AM- 2500
AM+ 2500","27 Nov 2019

E-  1750
E+  1850
M-  1750
M+  1850
P-  1850
P+  1850
T-  1750
T+  1850
AE- 2500
AE+ 2500
AM- 2500
AM+ 2500","28 Nov 2019

E-  1750
E+  1850
M-  1750
M+  1850
P-  1850
P+  1850
T-  1750
T+  1850
AE- 2500
AE+ 2500
AM- 2500
AM+ 2500","29 Nov 2019

E-  1750
E+  1850
M-  1750
M+  1850
P-  1850
P+  1850
T-  1750
T+  1850
AE- 2500
AE+ 2500
AM- 2500
AM+ 2500","30 Nov 2019

E-  1750
E+  1850
M-  1750
M+  1850
P-  1850
P+  1850
T-  1750
T+  1850
AE- 2500
AE+ 2500
AM- 2500
AM+ 2500","01 Dec 2019

E-  1750
E+  1850
M-  1750
M+  1850
P-  1850
P+  1850
T-  1750
T+  1850
AE- 2500
AE+ 2500
AM- 2500
AM+ 2500"
2 Dec 2019,3 Dec 2019,4 Dec 2019,5 Dec 2019,6 Dec 2019,7 Dec 2019,8 Dec 2019,,29 Dec 2019,29 Dec 2019,29 Dec 2019,29 Dec 2019,29 Dec 2019,29 Dec 2019,29 Dec 2019,,4,4,4,4,4,4,4,,"02 Dec 2019

E-  1750
E+  1850
M-  1750
M+  1850
P-  1850
P+  1850
T-  1750
T+  1850
AE- 2500
AE+ 2500
AM- 2500
AM+ 2500","03 Dec 2019

E-  1750
E+  1850
M-  1750
M+  1850
P-  1850
P+  1850
T-  1750
T+  1850
AE- 2500
AE+ 2500
AM- 2500
AM+ 2500","04 Dec 2019

E-  1750
E+  1850
M-  1750
M+  1850
P-  1850
P+  1850
T-  1750
T+  1850
AE- 2500
AE+ 2500
AM- 2500
AM+ 2500","05 Dec 2019

E-  1750
E+  1850
M-  1750
M+  1850
P-  1850
P+  1850
T-  1750
T+  1850
AE- 2500
AE+ 2500
AM- 2500
AM+ 2500","06 Dec 2019

E-  1750
E+  1850
M-  1750
M+  1850
P-  1850
P+  1850
T-  1750
T+  1850
AE- 2500
AE+ 2500
AM- 2500
AM+ 2500","07 Dec 2019

E-  1750
E+  1850
M-  1750
M+  1850
P-  1850
P+  1850
T-  1750
T+  1850
AE- 2500
AE+ 2500
AM- 2500
AM+ 2500","08 Dec 2019

E-  1750
E+  1850
M-  1750
M+  1850
P-  1850
P+  1850
T-  1750
T+  1850
AE- 2500
AE+ 2500
AM- 2500
AM+ 2500"
9 Dec 2019,10 Dec 2019,11 Dec 2019,12 Dec 2019,13 Dec 2019,14 Dec 2019,15 Dec 2019,,29 Dec 2019,29 Dec 2019,29 Dec 2019,29 Dec 2019,29 Dec 2019,29 Dec 2019,29 Dec 2019,,3,3,3,3,3,3,3,,"09 Dec 2019

E-  1310
E+  1385
M-  1310
M+  1385
P-  1385
P+  1385
T-  1310
T+  1385
AE- 1875
AE+ 1875
AM- 1875
AM+ 1875","10 Dec 2019

E-  1310
E+  1385
M-  1310
M+  1385
P-  1385
P+  1385
T-  1310
T+  1385
AE- 1875
AE+ 1875
AM- 1875
AM+ 1875","11 Dec 2019

E-  1310
E+  1385
M-  1310
M+  1385
P-  1385
P+  1385
T-  1310
T+  1385
AE- 1875
AE+ 1875
AM- 1875
AM+ 1875","12 Dec 2019

E-  1310
E+  1385
M-  1310
M+  1385
P-  1385
P+  1385
T-  1310
T+  1385
AE- 1875
AE+ 1875
AM- 1875
AM+ 1875","13 Dec 2019

E-  1310
E+  1385
M-  1310
M+  1385
P-  1385
P+  1385
T-  1310
T+  1385
AE- 1875
AE+ 1875
AM- 1875
AM+ 1875","14 Dec 2019

E-  1310
E+  1385
M-  1310
M+  1385
P-  1385
P+  1385
T-  1310
T+  1385
AE- 1875
AE+ 1875
AM- 1875
AM+ 1875","15 Dec 2019

E-  1310
E+  1385
M-  1310
M+  1385
P-  1385
P+  1385
T-  1310
T+  1385
AE- 1875
AE+ 1875
AM- 1875
AM+ 1875"
16 Dec 2019,17 Dec 2019,18 Dec 2019,19 Dec 2019,20 Dec 2019,21 Dec 2019,22 Dec 2019,,29 Dec 2019,29 Dec 2019,29 Dec 2019,29 Dec 2019,29 Dec 2019,29 Dec 2019,29 Dec 2019,,2,2,2,2,2,2,2,,"16 Dec 2019

E-  875
E+  925
M-  875
M+  925
P-  925
P+  925
T-  875
T+  925
AE- 1250
AE+ 1250
AM- 1250
AM+ 1250","17 Dec 2019

E-  875
E+  925
M-  875
M+  925
P-  925
P+  925
T-  875
T+  925
AE- 1250
AE+ 1250
AM- 1250
AM+ 1250","18 Dec 2019

E-  875
E+  925
M-  875
M+  925
P-  925
P+  925
T-  875
T+  925
AE- 1250
AE+ 1250
AM- 1250
AM+ 1250","19 Dec 2019

E-  875
E+  925
M-  875
M+  925
P-  925
P+  925
T-  875
T+  925
AE- 1250
AE+ 1250
AM- 1250
AM+ 1250","20 Dec 2019

E-  875
E+  925
M-  875
M+  925
P-  925
P+  925
T-  875
T+  925
AE- 1250
AE+ 1250
AM- 1250
AM+ 1250","21 Dec 2019

E-  875
E+  925
M-  875
M+  925
P-  925
P+  925
T-  875
T+  925
AE- 1250
AE+ 1250
AM- 1250
AM+ 1250","22 Dec 2019

E-  875
E+  925
M-  875
M+  925
P-  925
P+  925
T-  875
T+  925
AE- 1250
AE+ 1250
AM- 1250
AM+ 1250"
23 Dec 2019,24 Dec 2019,25 Dec 2019,26 Dec 2019,27 Dec 2019,28 Dec 2019,29 Dec 2019,,29 Dec 2019,29 Dec 2019,29 Dec 2019,29 Dec 2019,29 Dec 2019,29 Dec 2019,29 Dec 2019,,1,1,1,1,1,1,1,,"23 Dec 2019

E-  435
E+  460
M-  435
M+  460
P-  460
P+  460
T-  435
T+  460
AE- 625
AE+ 625
AM- 625
AM+ 625","24 Dec 2019

E-  435
E+  460
M-  435
M+  460
P-  460
P+  460
T-  435
T+  460
AE- 625
AE+ 625
AM- 625
AM+ 625","25 Dec 2019

E-  435
E+  460
M-  435
M+  460
P-  460
P+  460
T-  435
T+  460
AE- 625
AE+ 625
AM- 625
AM+ 625","26 Dec 2019

E-  435
E+  460
M-  435
M+  460
P-  460
P+  460
T-  435
T+  460
AE- 625
AE+ 625
AM- 625
AM+ 625","27 Dec 2019

E-  435
E+  460
M-  435
M+  460
P-  460
P+  460
T-  435
T+  460
AE- 625
AE+ 625
AM- 625
AM+ 625","28 Dec 2019

E-  435
E+  460
M-  435
M+  460
P-  460
P+  460
T-  435
T+  460
AE- 625
AE+ 625
AM- 625
AM+ 625","29 Dec 2019

E-  435
E+  460
M-  435
M+  460
P-  460
P+  460
T-  435
T+  460
AE- 625
AE+ 625
AM- 625
AM+ 625"
30 Dec 2019,31 Dec 2019,1 Jan 2020,2 Jan 2020,3 Jan 2020,4 Jan 2020,5 Jan 2020,,26 Jan 2020,26 Jan 2020,26 Jan 2020,26 Jan 2020,26 Jan 2020,26 Jan 2020,26 Jan 2020,,4,4,4,4,4,4,4,,"30 Dec 2019

E-  1750
E+  1850
M-  1750
M+  1850
P-  1850
P+  1850
T-  1750
T+  1850
AE- 2500
AE+ 2500
AM- 2500
AM+ 2500","31 Dec 2019

E-  1750
E+  1850
M-  1750
M+  1850
P-  1850
P+  1850
T-  1750
T+  1850
AE- 2500
AE+ 2500
AM- 2500
AM+ 2500","01 Jan 2020

E-  1750
E+  1850
M-  1750
M+  1850
P-  1850
P+  1850
T-  1750
T+  1850
AE- 2500
AE+ 2500
AM- 2500
AM+ 2500","02 Jan 2020

E-  1750
E+  1850
M-  1750
M+  1850
P-  1850
P+  1850
T-  1750
T+  1850
AE- 2500
AE+ 2500
AM- 2500
AM+ 2500","03 Jan 2020

E-  1750
E+  1850
M-  1750
M+  1850
P-  1850
P+  1850
T-  1750
T+  1850
AE- 2500
AE+ 2500
AM- 2500
AM+ 2500","04 Jan 2020

E-  1750
E+  1850
M-  1750
M+  1850
P-  1850
P+  1850
T-  1750
T+  1850
AE- 2500
AE+ 2500
AM- 2500
AM+ 2500","05 Jan 2020

E-  1750
E+  1850
M-  1750
M+  1850
P-  1850
P+  1850
T-  1750
T+  1850
AE- 2500
AE+ 2500
AM- 2500
AM+ 2500"
6 Jan 2020,7 Jan 2020,8 Jan 2020,9 Jan 2020,10 Jan 2020,11 Jan 2020,12 Jan 2020,,26 Jan 2020,26 Jan 2020,26 Jan 2020,26 Jan 2020,26 Jan 2020,26 Jan 2020,26 Jan 2020,,3,3,3,3,3,3,3,,"06 Jan 2020

E-  1310
E+  1385
M-  1310
M+  1385
P-  1385
P+  1385
T-  1310
T+  1385
AE- 1875
AE+ 1875
AM- 1875
AM+ 1875","07 Jan 2020

E-  1310
E+  1385
M-  1310
M+  1385
P-  1385
P+  1385
T-  1310
T+  1385
AE- 1875
AE+ 1875
AM- 1875
AM+ 1875","08 Jan 2020

E-  1310
E+  1385
M-  1310
M+  1385
P-  1385
P+  1385
T-  1310
T+  1385
AE- 1875
AE+ 1875
AM- 1875
AM+ 1875","09 Jan 2020

E-  1310
E+  1385
M-  1310
M+  1385
P-  1385
P+  1385
T-  1310
T+  1385
AE- 1875
AE+ 1875
AM- 1875
AM+ 1875","10 Jan 2020

E-  1310
E+  1385
M-  1310
M+  1385
P-  1385
P+  1385
T-  1310
T+  1385
AE- 1875
AE+ 1875
AM- 1875
AM+ 1875","11 Jan 2020

E-  1310
E+  1385
M-  1310
M+  1385
P-  1385
P+  1385
T-  1310
T+  1385
AE- 1875
AE+ 1875
AM- 1875
AM+ 1875","12 Jan 2020

E-  1310
E+  1385
M-  1310
M+  1385
P-  1385
P+  1385
T-  1310
T+  1385
AE- 1875
AE+ 1875
AM- 1875
AM+ 1875"
13 Jan 2020,14 Jan 2020,15 Jan 2020,16 Jan 2020,17 Jan 2020,18 Jan 2020,19 Jan 2020,,26 Jan 2020,26 Jan 2020,26 Jan 2020,26 Jan 2020,26 Jan 2020,26 Jan 2020,26 Jan 2020,,2,2,2,2,2,2,2,,"13 Jan 2020

E-  875
E+  925
M-  875
M+  925
P-  925
P+  925
T-  875
T+  925
AE- 1250
AE+ 1250
AM- 1250
AM+ 1250","14 Jan 2020

E-  875
E+  925
M-  875
M+  925
P-  925
P+  925
T-  875
T+  925
AE- 1250
AE+ 1250
AM- 1250
AM+ 1250","15 Jan 2020

E-  875
E+  925
M-  875
M+  925
P-  925
P+  925
T-  875
T+  925
AE- 1250
AE+ 1250
AM- 1250
AM+ 1250","16 Jan 2020

E-  875
E+  925
M-  875
M+  925
P-  925
P+  925
T-  875
T+  925
AE- 1250
AE+ 1250
AM- 1250
AM+ 1250","17 Jan 2020

E-  875
E+  925
M-  875
M+  925
P-  925
P+  925
T-  875
T+  925
AE- 1250
AE+ 1250
AM- 1250
AM+ 1250","18 Jan 2020

E-  875
E+  925
M-  875
M+  925
P-  925
P+  925
T-  875
T+  925
AE- 1250
AE+ 1250
AM- 1250
AM+ 1250","19 Jan 2020

E-  875
E+  925
M-  875
M+  925
P-  925
P+  925
T-  875
T+  925
AE- 1250
AE+ 1250
AM- 1250
AM+ 1250"
20 Jan 2020,21 Jan 2020,22 Jan 2020,23 Jan 2020,24 Jan 2020,25 Jan 2020,26 Jan 2020,,26 Jan 2020,26 Jan 2020,26 Jan 2020,26 Jan 2020,26 Jan 2020,26 Jan 2020,26 Jan 2020,,1,1,1,1,1,1,1,,"20 Jan 2020

E-  435
E+  460
M-  435
M+  460
P-  460
P+  460
T-  435
T+  460
AE- 625
AE+ 625
AM- 625
AM+ 625","21 Jan 2020

E-  435
E+  460
M-  435
M+  460
P-  460
P+  460
T-  435
T+  460
AE- 625
AE+ 625
AM- 625
AM+ 625","22 Jan 2020

E-  435
E+  460
M-  435
M+  460
P-  460
P+  460
T-  435
T+  460
AE- 625
AE+ 625
AM- 625
AM+ 625","23 Jan 2020

E-  435
E+  460
M-  435
M+  460
P-  460
P+  460
T-  435
T+  460
AE- 625
AE+ 625
AM- 625
AM+ 625","24 Jan 2020

E-  435
E+  460
M-  435
M+  460
P-  460
P+  460
T-  435
T+  460
AE- 625
AE+ 625
AM- 625
AM+ 625","25 Jan 2020

E-  435
E+  460
M-  435
M+  460
P-  460
P+  460
T-  435
T+  460
AE- 625
AE+ 625
AM- 625
AM+ 625","26 Jan 2020

E-  435
E+  460
M-  435
M+  460
P-  460
P+  460
T-  435
T+  460
AE- 625
AE+ 625
AM- 625
AM+ 625"
27 Jan 2020,28 Jan 2020,29 Jan 2020,30 Jan 2020,31 Jan 2020,1 Feb 2020,2 Feb 2020,,23 Feb 2020,23 Feb 2020,23 Feb 2020,23 Feb 2020,23 Feb 2020,23 Feb 2020,23 Feb 2020,,4,4,4,4,4,4,4,,"27 Jan 2020

E-  1750
E+  1850
M-  1750
M+  1850
P-  1850
P+  1850
T-  1750
T+  1850
AE- 2500
AE+ 2500
AM- 2500
AM+ 2500","28 Jan 2020

E-  1750
E+  1850
M-  1750
M+  1850
P-  1850
P+  1850
T-  1750
T+  1850
AE- 2500
AE+ 2500
AM- 2500
AM+ 2500","29 Jan 2020

E-  1750
E+  1850
M-  1750
M+  1850
P-  1850
P+  1850
T-  1750
T+  1850
AE- 2500
AE+ 2500
AM- 2500
AM+ 2500","30 Jan 2020

E-  1750
E+  1850
M-  1750
M+  1850
P-  1850
P+  1850
T-  1750
T+  1850
AE- 2500
AE+ 2500
AM- 2500
AM+ 2500","31 Jan 2020

E-  1750
E+  1850
M-  1750
M+  1850
P-  1850
P+  1850
T-  1750
T+  1850
AE- 2500
AE+ 2500
AM- 2500
AM+ 2500","01 Feb 2020

E-  1750
E+  1850
M-  1750
M+  1850
P-  1850
P+  1850
T-  1750
T+  1850
AE- 2500
AE+ 2500
AM- 2500
AM+ 2500","02 Feb 2020

E-  1750
E+  1850
M-  1750
M+  1850
P-  1850
P+  1850
T-  1750
T+  1850
AE- 2500
AE+ 2500
AM- 2500
AM+ 2500"
3 Feb 2020,4 Feb 2020,5 Feb 2020,6 Feb 2020,7 Feb 2020,8 Feb 2020,9 Feb 2020,,23 Feb 2020,23 Feb 2020,23 Feb 2020,23 Feb 2020,23 Feb 2020,23 Feb 2020,23 Feb 2020,,3,3,3,3,3,3,3,,"03 Feb 2020

E-  1310
E+  1385
M-  1310
M+  1385
P-  1385
P+  1385
T-  1310
T+  1385
AE- 1875
AE+ 1875
AM- 1875
AM+ 1875","04 Feb 2020

E-  1310
E+  1385
M-  1310
M+  1385
P-  1385
P+  1385
T-  1310
T+  1385
AE- 1875
AE+ 1875
AM- 1875
AM+ 1875","05 Feb 2020

E-  1310
E+  1385
M-  1310
M+  1385
P-  1385
P+  1385
T-  1310
T+  1385
AE- 1875
AE+ 1875
AM- 1875
AM+ 1875","06 Feb 2020

E-  1310
E+  1385
M-  1310
M+  1385
P-  1385
P+  1385
T-  1310
T+  1385
AE- 1875
AE+ 1875
AM- 1875
AM+ 1875","07 Feb 2020

E-  1310
E+  1385
M-  1310
M+  1385
P-  1385
P+  1385
T-  1310
T+  1385
AE- 1875
AE+ 1875
AM- 1875
AM+ 1875","08 Feb 2020

E-  1310
E+  1385
M-  1310
M+  1385
P-  1385
P+  1385
T-  1310
T+  1385
AE- 1875
AE+ 1875
AM- 1875
AM+ 1875","09 Feb 2020

E-  1310
E+  1385
M-  1310
M+  1385
P-  1385
P+  1385
T-  1310
T+  1385
AE- 1875
AE+ 1875
AM- 1875
AM+ 1875"
10 Feb 2020,11 Feb 2020,12 Feb 2020,13 Feb 2020,14 Feb 2020,15 Feb 2020,16 Feb 2020,,23 Feb 2020,23 Feb 2020,23 Feb 2020,23 Feb 2020,23 Feb 2020,23 Feb 2020,23 Feb 2020,,2,2,2,2,2,2,2,,"10 Feb 2020

E-  875
E+  925
M-  875
M+  925
P-  925
P+  925
T-  875
T+  925
AE- 1250
AE+ 1250
AM- 1250
AM+ 1250","11 Feb 2020

E-  875
E+  925
M-  875
M+  925
P-  925
P+  925
T-  875
T+  925
AE- 1250
AE+ 1250
AM- 1250
AM+ 1250","12 Feb 2020

E-  875
E+  925
M-  875
M+  925
P-  925
P+  925
T-  875
T+  925
AE- 1250
AE+ 1250
AM- 1250
AM+ 1250","13 Feb 2020

E-  875
E+  925
M-  875
M+  925
P-  925
P+  925
T-  875
T+  925
AE- 1250
AE+ 1250
AM- 1250
AM+ 1250","14 Feb 2020

E-  875
E+  925
M-  875
M+  925
P-  925
P+  925
T-  875
T+  925
AE- 1250
AE+ 1250
AM- 1250
AM+ 1250","15 Feb 2020

E-  875
E+  925
M-  875
M+  925
P-  925
P+  925
T-  875
T+  925
AE- 1250
AE+ 1250
AM- 1250
AM+ 1250","16 Feb 2020

E-  875
E+  925
M-  875
M+  925
P-  925
P+  925
T-  875
T+  925
AE- 1250
AE+ 1250
AM- 1250
AM+ 1250"
17 Feb 2020,18 Feb 2020,19 Feb 2020,20 Feb 2020,21 Feb 2020,22 Feb 2020,23 Feb 2020,,23 Feb 2020,23 Feb 2020,23 Feb 2020,23 Feb 2020,23 Feb 2020,23 Feb 2020,23 Feb 2020,,1,1,1,1,1,1,1,,"17 Feb 2020

E-  435
E+  460
M-  435
M+  460
P-  460
P+  460
T-  435
T+  460
AE- 625
AE+ 625
AM- 625
AM+ 625","18 Feb 2020

E-  435
E+  460
M-  435
M+  460
P-  460
P+  460
T-  435
T+  460
AE- 625
AE+ 625
AM- 625
AM+ 625","19 Feb 2020

E-  435
E+  460
M-  435
M+  460
P-  460
P+  460
T-  435
T+  460
AE- 625
AE+ 625
AM- 625
AM+ 625","20 Feb 2020

E-  435
E+  460
M-  435
M+  460
P-  460
P+  460
T-  435
T+  460
AE- 625
AE+ 625
AM- 625
AM+ 625","21 Feb 2020

E-  435
E+  460
M-  435
M+  460
P-  460
P+  460
T-  435
T+  460
AE- 625
AE+ 625
AM- 625
AM+ 625","22 Feb 2020

E-  435
E+  460
M-  435
M+  460
P-  460
P+  460
T-  435
T+  460
AE- 625
AE+ 625
AM- 625
AM+ 625","23 Feb 2020

E-  435
E+  460
M-  435
M+  460
P-  460
P+  460
T-  435
T+  460
AE- 625
AE+ 625
AM- 625
AM+ 625"
24 Feb 2020,25 Feb 2020,26 Feb 2020,27 Feb 2020,28 Feb 2020,29 Feb 2020,1 Mar 2020,,29 Mar 2020,29 Mar 2020,29 Mar 2020,29 Mar 2020,29 Mar 2020,29 Mar 2020,29 Mar 2020,,4,4,4,4,4,4,4,,"24 Feb 2020

E-  1750
E+  1850
M-  1750
M+  1850
P-  1850
P+  1850
T-  1750
T+  1850
AE- 2500
AE+ 2500
AM- 2500
AM+ 2500","25 Feb 2020

E-  1750
E+  1850
M-  1750
M+  1850
P-  1850
P+  1850
T-  1750
T+  1850
AE- 2500
AE+ 2500
AM- 2500
AM+ 2500","26 Feb 2020

E-  1750
E+  1850
M-  1750
M+  1850
P-  1850
P+  1850
T-  1750
T+  1850
AE- 2500
AE+ 2500
AM- 2500
AM+ 2500","27 Feb 2020

E-  1750
E+  1850
M-  1750
M+  1850
P-  1850
P+  1850
T-  1750
T+  1850
AE- 2500
AE+ 2500
AM- 2500
AM+ 2500","28 Feb 2020

E-  1750
E+  1850
M-  1750
M+  1850
P-  1850
P+  1850
T-  1750
T+  1850
AE- 2500
AE+ 2500
AM- 2500
AM+ 2500","29 Feb 2020

E-  1750
E+  1850
M-  1750
M+  1850
P-  1850
P+  1850
T-  1750
T+  1850
AE- 2500
AE+ 2500
AM- 2500
AM+ 2500","01 Mar 2020

E-  1750
E+  1850
M-  1750
M+  1850
P-  1850
P+  1850
T-  1750
T+  1850
AE- 2500
AE+ 2500
AM- 2500
AM+ 2500"
2 Mar 2020,3 Mar 2020,4 Mar 2020,5 Mar 2020,6 Mar 2020,7 Mar 2020,8 Mar 2020,,29 Mar 2020,29 Mar 2020,29 Mar 2020,29 Mar 2020,29 Mar 2020,29 Mar 2020,29 Mar 2020,,4,4,4,4,4,4,4,,"02 Mar 2020

E-  1750
E+  1850
M-  1750
M+  1850
P-  1850
P+  1850
T-  1750
T+  1850
AE- 2500
AE+ 2500
AM- 2500
AM+ 2500","03 Mar 2020

E-  1750
E+  1850
M-  1750
M+  1850
P-  1850
P+  1850
T-  1750
T+  1850
AE- 2500
AE+ 2500
AM- 2500
AM+ 2500","04 Mar 2020

E-  1750
E+  1850
M-  1750
M+  1850
P-  1850
P+  1850
T-  1750
T+  1850
AE- 2500
AE+ 2500
AM- 2500
AM+ 2500","05 Mar 2020

E-  1750
E+  1850
M-  1750
M+  1850
P-  1850
P+  1850
T-  1750
T+  1850
AE- 2500
AE+ 2500
AM- 2500
AM+ 2500","06 Mar 2020

E-  1750
E+  1850
M-  1750
M+  1850
P-  1850
P+  1850
T-  1750
T+  1850
AE- 2500
AE+ 2500
AM- 2500
AM+ 2500","07 Mar 2020

E-  1750
E+  1850
M-  1750
M+  1850
P-  1850
P+  1850
T-  1750
T+  1850
AE- 2500
AE+ 2500
AM- 2500
AM+ 2500","08 Mar 2020

E-  1750
E+  1850
M-  1750
M+  1850
P-  1850
P+  1850
T-  1750
T+  1850
AE- 2500
AE+ 2500
AM- 2500
AM+ 2500"
9 Mar 2020,10 Mar 2020,11 Mar 2020,12 Mar 2020,13 Mar 2020,14 Mar 2020,15 Mar 2020,,29 Mar 2020,29 Mar 2020,29 Mar 2020,29 Mar 2020,29 Mar 2020,29 Mar 2020,29 Mar 2020,,3,3,3,3,3,3,3,,"09 Mar 2020

E-  1310
E+  1385
M-  1310
M+  1385
P-  1385
P+  1385
T-  1310
T+  1385
AE- 1875
AE+ 1875
AM- 1875
AM+ 1875","10 Mar 2020

E-  1310
E+  1385
M-  1310
M+  1385
P-  1385
P+  1385
T-  1310
T+  1385
AE- 1875
AE+ 1875
AM- 1875
AM+ 1875","11 Mar 2020

E-  1310
E+  1385
M-  1310
M+  1385
P-  1385
P+  1385
T-  1310
T+  1385
AE- 1875
AE+ 1875
AM- 1875
AM+ 1875","12 Mar 2020

E-  1310
E+  1385
M-  1310
M+  1385
P-  1385
P+  1385
T-  1310
T+  1385
AE- 1875
AE+ 1875
AM- 1875
AM+ 1875","13 Mar 2020

E-  1310
E+  1385
M-  1310
M+  1385
P-  1385
P+  1385
T-  1310
T+  1385
AE- 1875
AE+ 1875
AM- 1875
AM+ 1875","14 Mar 2020

E-  1310
E+  1385
M-  1310
M+  1385
P-  1385
P+  1385
T-  1310
T+  1385
AE- 1875
AE+ 1875
AM- 1875
AM+ 1875","15 Mar 2020

E-  1310
E+  1385
M-  1310
M+  1385
P-  1385
P+  1385
T-  1310
T+  1385
AE- 1875
AE+ 1875
AM- 1875
AM+ 1875"
16 Mar 2020,17 Mar 2020,18 Mar 2020,19 Mar 2020,20 Mar 2020,21 Mar 2020,22 Mar 2020,,29 Mar 2020,29 Mar 2020,29 Mar 2020,29 Mar 2020,29 Mar 2020,29 Mar 2020,29 Mar 2020,,2,2,2,2,2,2,2,,"16 Mar 2020

E-  875
E+  925
M-  875
M+  925
P-  925
P+  925
T-  875
T+  925
AE- 1250
AE+ 1250
AM- 1250
AM+ 1250","17 Mar 2020

E-  875
E+  925
M-  875
M+  925
P-  925
P+  925
T-  875
T+  925
AE- 1250
AE+ 1250
AM- 1250
AM+ 1250","18 Mar 2020

E-  875
E+  925
M-  875
M+  925
P-  925
P+  925
T-  875
T+  925
AE- 1250
AE+ 1250
AM- 1250
AM+ 1250","19 Mar 2020

E-  875
E+  925
M-  875
M+  925
P-  925
P+  925
T-  875
T+  925
AE- 1250
AE+ 1250
AM- 1250
AM+ 1250","20 Mar 2020

E-  875
E+  925
M-  875
M+  925
P-  925
P+  925
T-  875
T+  925
AE- 1250
AE+ 1250
AM- 1250
AM+ 1250","21 Mar 2020

E-  875
E+  925
M-  875
M+  925
P-  925
P+  925
T-  875
T+  925
AE- 1250
AE+ 1250
AM- 1250
AM+ 1250","22 Mar 2020

E-  875
E+  925
M-  875
M+  925
P-  925
P+  925
T-  875
T+  925
AE- 1250
AE+ 1250
AM- 1250
AM+ 1250"
23 Mar 2020,24 Mar 2020,25 Mar 2020,26 Mar 2020,27 Mar 2020,28 Mar 2020,29 Mar 2020,,29 Mar 2020,29 Mar 2020,29 Mar 2020,29 Mar 2020,29 Mar 2020,29 Mar 2020,29 Mar 2020,,1,1,1,1,1,1,1,,"23 Mar 2020

E-  435
E+  460
M-  435
M+  460
P-  460
P+  460
T-  435
T+  460
AE- 625
AE+ 625
AM- 625
AM+ 625","24 Mar 2020

E-  435
E+  460
M-  435
M+  460
P-  460
P+  460
T-  435
T+  460
AE- 625
AE+ 625
AM- 625
AM+ 625","25 Mar 2020

E-  435
E+  460
M-  435
M+  460
P-  460
P+  460
T-  435
T+  460
AE- 625
AE+ 625
AM- 625
AM+ 625","26 Mar 2020

E-  435
E+  460
M-  435
M+  460
P-  460
P+  460
T-  435
T+  460
AE- 625
AE+ 625
AM- 625
AM+ 625","27 Mar 2020

E-  435
E+  460
M-  435
M+  460
P-  460
P+  460
T-  435
T+  460
AE- 625
AE+ 625
AM- 625
AM+ 625","28 Mar 2020

E-  435
E+  460
M-  435
M+  460
P-  460
P+  460
T-  435
T+  460
AE- 625
AE+ 625
AM- 625
AM+ 625","29 Mar 2020

E-  435
E+  460
M-  435
M+  460
P-  460
P+  460
T-  435
T+  460
AE- 625
AE+ 625
AM- 625
AM+ 625"
30 Mar 2020,31 Mar 2020,1 Apr 2020,2 Apr 2020,3 Apr 2020,4 Apr 2020,5 Apr 2020,,26 Apr 2020,26 Apr 2020,26 Apr 2020,26 Apr 2020,26 Apr 2020,26 Apr 2020,26 Apr 2020,,4,4,4,4,4,4,4,,"30 Mar 2020

E-  1750
E+  1850
M-  1750
M+  1850
P-  1850
P+  1850
T-  1750
T+  1850
AE- 2500
AE+ 2500
AM- 2500
AM+ 2500","31 Mar 2020

E-  1750
E+  1850
M-  1750
M+  1850
P-  1850
P+  1850
T-  1750
T+  1850
AE- 2500
AE+ 2500
AM- 2500
AM+ 2500","01 Apr 2020

E-  1750
E+  1850
M-  1750
M+  1850
P-  1850
P+  1850
T-  1750
T+  1850
AE- 2500
AE+ 2500
AM- 2500
AM+ 2500","02 Apr 2020

E-  1750
E+  1850
M-  1750
M+  1850
P-  1850
P+  1850
T-  1750
T+  1850
AE- 2500
AE+ 2500
AM- 2500
AM+ 2500","03 Apr 2020

E-  1750
E+  1850
M-  1750
M+  1850
P-  1850
P+  1850
T-  1750
T+  1850
AE- 2500
AE+ 2500
AM- 2500
AM+ 2500","04 Apr 2020

E-  1750
E+  1850
M-  1750
M+  1850
P-  1850
P+  1850
T-  1750
T+  1850
AE- 2500
AE+ 2500
AM- 2500
AM+ 2500","05 Apr 2020

E-  1750
E+  1850
M-  1750
M+  1850
P-  1850
P+  1850
T-  1750
T+  1850
AE- 2500
AE+ 2500
AM- 2500
AM+ 2500"
6 Apr 2020,7 Apr 2020,8 Apr 2020,9 Apr 2020,10 Apr 2020,11 Apr 2020,12 Apr 2020,,26 Apr 2020,26 Apr 2020,26 Apr 2020,26 Apr 2020,26 Apr 2020,26 Apr 2020,26 Apr 2020,,3,3,3,3,3,3,3,,"06 Apr 2020

E-  1310
E+  1385
M-  1310
M+  1385
P-  1385
P+  1385
T-  1310
T+  1385
AE- 1875
AE+ 1875
AM- 1875
AM+ 1875","07 Apr 2020

E-  1310
E+  1385
M-  1310
M+  1385
P-  1385
P+  1385
T-  1310
T+  1385
AE- 1875
AE+ 1875
AM- 1875
AM+ 1875","08 Apr 2020

E-  1310
E+  1385
M-  1310
M+  1385
P-  1385
P+  1385
T-  1310
T+  1385
AE- 1875
AE+ 1875
AM- 1875
AM+ 1875","09 Apr 2020

E-  1310
E+  1385
M-  1310
M+  1385
P-  1385
P+  1385
T-  1310
T+  1385
AE- 1875
AE+ 1875
AM- 1875
AM+ 1875","10 Apr 2020

E-  1310
E+  1385
M-  1310
M+  1385
P-  1385
P+  1385
T-  1310
T+  1385
AE- 1875
AE+ 1875
AM- 1875
AM+ 1875","11 Apr 2020

E-  1310
E+  1385
M-  1310
M+  1385
P-  1385
P+  1385
T-  1310
T+  1385
AE- 1875
AE+ 1875
AM- 1875
AM+ 1875","12 Apr 2020

E-  1310
E+  1385
M-  1310
M+  1385
P-  1385
P+  1385
T-  1310
T+  1385
AE- 1875
AE+ 1875
AM- 1875
AM+ 1875"
13 Apr 2020,14 Apr 2020,15 Apr 2020,16 Apr 2020,17 Apr 2020,18 Apr 2020,19 Apr 2020,,26 Apr 2020,26 Apr 2020,26 Apr 2020,26 Apr 2020,26 Apr 2020,26 Apr 2020,26 Apr 2020,,2,2,2,2,2,2,2,,"13 Apr 2020

E-  875
E+  925
M-  875
M+  925
P-  925
P+  925
T-  875
T+  925
AE- 1250
AE+ 1250
AM- 1250
AM+ 1250","14 Apr 2020

E-  875
E+  925
M-  875
M+  925
P-  925
P+  925
T-  875
T+  925
AE- 1250
AE+ 1250
AM- 1250
AM+ 1250","15 Apr 2020

E-  875
E+  925
M-  875
M+  925
P-  925
P+  925
T-  875
T+  925
AE- 1250
AE+ 1250
AM- 1250
AM+ 1250","16 Apr 2020

E-  875
E+  925
M-  875
M+  925
P-  925
P+  925
T-  875
T+  925
AE- 1250
AE+ 1250
AM- 1250
AM+ 1250","17 Apr 2020

E-  875
E+  925
M-  875
M+  925
P-  925
P+  925
T-  875
T+  925
AE- 1250
AE+ 1250
AM- 1250
AM+ 1250","18 Apr 2020

E-  875
E+  925
M-  875
M+  925
P-  925
P+  925
T-  875
T+  925
AE- 1250
AE+ 1250
AM- 1250
AM+ 1250","19 Apr 2020

E-  875
E+  925
M-  875
M+  925
P-  925
P+  925
T-  875
T+  925
AE- 1250
AE+ 1250
AM- 1250
AM+ 1250"
20 Apr 2020,21 Apr 2020,22 Apr 2020,23 Apr 2020,24 Apr 2020,25 Apr 2020,26 Apr 2020,,26 Apr 2020,26 Apr 2020,26 Apr 2020,26 Apr 2020,26 Apr 2020,26 Apr 2020,26 Apr 2020,,1,1,1,1,1,1,1,,"20 Apr 2020

E-  435
E+  460
M-  435
M+  460
P-  460
P+  460
T-  435
T+  460
AE- 625
AE+ 625
AM- 625
AM+ 625","21 Apr 2020

E-  435
E+  460
M-  435
M+  460
P-  460
P+  460
T-  435
T+  460
AE- 625
AE+ 625
AM- 625
AM+ 625","22 Apr 2020

E-  435
E+  460
M-  435
M+  460
P-  460
P+  460
T-  435
T+  460
AE- 625
AE+ 625
AM- 625
AM+ 625","23 Apr 2020

E-  435
E+  460
M-  435
M+  460
P-  460
P+  460
T-  435
T+  460
AE- 625
AE+ 625
AM- 625
AM+ 625","24 Apr 2020

E-  435
E+  460
M-  435
M+  460
P-  460
P+  460
T-  435
T+  460
AE- 625
AE+ 625
AM- 625
AM+ 625","25 Apr 2020

E-  435
E+  460
M-  435
M+  460
P-  460
P+  460
T-  435
T+  460
AE- 625
AE+ 625
AM- 625
AM+ 625","26 Apr 2020

E-  435
E+  460
M-  435
M+  460
P-  460
P+  460
T-  435
T+  460
AE- 625
AE+ 625
AM- 625
AM+ 625"
27 Apr 2020,28 Apr 2020,29 Apr 2020,30 Apr 2020,1 May 2020,2 May 2020,3 May 2020,,31 May 2020,31 May 2020,31 May 2020,31 May 2020,31 May 2020,31 May 2020,31 May 2020,,4,4,4,4,4,4,4,,"27 Apr 2020

E-  1750
E+  1850
M-  1750
M+  1850
P-  1850
P+  1850
T-  1750
T+  1850
AE- 2500
AE+ 2500
AM- 2500
AM+ 2500","28 Apr 2020

E-  1750
E+  1850
M-  1750
M+  1850
P-  1850
P+  1850
T-  1750
T+  1850
AE- 2500
AE+ 2500
AM- 2500
AM+ 2500","29 Apr 2020

E-  1750
E+  1850
M-  1750
M+  1850
P-  1850
P+  1850
T-  1750
T+  1850
AE- 2500
AE+ 2500
AM- 2500
AM+ 2500","30 Apr 2020

E-  1750
E+  1850
M-  1750
M+  1850
P-  1850
P+  1850
T-  1750
T+  1850
AE- 2500
AE+ 2500
AM- 2500
AM+ 2500","01 May 2020

E-  1750
E+  1850
M-  1750
M+  1850
P-  1850
P+  1850
T-  1750
T+  1850
AE- 2500
AE+ 2500
AM- 2500
AM+ 2500","02 May 2020

E-  1750
E+  1850
M-  1750
M+  1850
P-  1850
P+  1850
T-  1750
T+  1850
AE- 2500
AE+ 2500
AM- 2500
AM+ 2500","03 May 2020

E-  1750
E+  1850
M-  1750
M+  1850
P-  1850
P+  1850
T-  1750
T+  1850
AE- 2500
AE+ 2500
AM- 2500
AM+ 2500"
4 May 2020,5 May 2020,6 May 2020,7 May 2020,8 May 2020,9 May 2020,10 May 2020,,31 May 2020,31 May 2020,31 May 2020,31 May 2020,31 May 2020,31 May 2020,31 May 2020,,4,4,4,4,4,4,4,,"04 May 2020

E-  1750
E+  1850
M-  1750
M+  1850
P-  1850
P+  1850
T-  1750
T+  1850
AE- 2500
AE+ 2500
AM- 2500
AM+ 2500","05 May 2020

E-  1750
E+  1850
M-  1750
M+  1850
P-  1850
P+  1850
T-  1750
T+  1850
AE- 2500
AE+ 2500
AM- 2500
AM+ 2500","06 May 2020

E-  1750
E+  1850
M-  1750
M+  1850
P-  1850
P+  1850
T-  1750
T+  1850
AE- 2500
AE+ 2500
AM- 2500
AM+ 2500","07 May 2020

E-  1750
E+  1850
M-  1750
M+  1850
P-  1850
P+  1850
T-  1750
T+  1850
AE- 2500
AE+ 2500
AM- 2500
AM+ 2500","08 May 2020

E-  1750
E+  1850
M-  1750
M+  1850
P-  1850
P+  1850
T-  1750
T+  1850
AE- 2500
AE+ 2500
AM- 2500
AM+ 2500","09 May 2020

E-  1750
E+  1850
M-  1750
M+  1850
P-  1850
P+  1850
T-  1750
T+  1850
AE- 2500
AE+ 2500
AM- 2500
AM+ 2500","10 May 2020

E-  1750
E+  1850
M-  1750
M+  1850
P-  1850
P+  1850
T-  1750
T+  1850
AE- 2500
AE+ 2500
AM- 2500
AM+ 2500"
11 May 2020,12 May 2020,13 May 2020,14 May 2020,15 May 2020,16 May 2020,17 May 2020,,31 May 2020,31 May 2020,31 May 2020,31 May 2020,31 May 2020,31 May 2020,31 May 2020,,3,3,3,3,3,3,3,,"11 May 2020

E-  1310
E+  1385
M-  1310
M+  1385
P-  1385
P+  1385
T-  1310
T+  1385
AE- 1875
AE+ 1875
AM- 1875
AM+ 1875","12 May 2020

E-  1310
E+  1385
M-  1310
M+  1385
P-  1385
P+  1385
T-  1310
T+  1385
AE- 1875
AE+ 1875
AM- 1875
AM+ 1875","13 May 2020

E-  1310
E+  1385
M-  1310
M+  1385
P-  1385
P+  1385
T-  1310
T+  1385
AE- 1875
AE+ 1875
AM- 1875
AM+ 1875","14 May 2020

E-  1310
E+  1385
M-  1310
M+  1385
P-  1385
P+  1385
T-  1310
T+  1385
AE- 1875
AE+ 1875
AM- 1875
AM+ 1875","15 May 2020

E-  1310
E+  1385
M-  1310
M+  1385
P-  1385
P+  1385
T-  1310
T+  1385
AE- 1875
AE+ 1875
AM- 1875
AM+ 1875","16 May 2020

E-  1310
E+  1385
M-  1310
M+  1385
P-  1385
P+  1385
T-  1310
T+  1385
AE- 1875
AE+ 1875
AM- 1875
AM+ 1875","17 May 2020

E-  1310
E+  1385
M-  1310
M+  1385
P-  1385
P+  1385
T-  1310
T+  1385
AE- 1875
AE+ 1875
AM- 1875
AM+ 1875"
18 May 2020,19 May 2020,20 May 2020,21 May 2020,22 May 2020,23 May 2020,24 May 2020,,31 May 2020,31 May 2020,31 May 2020,31 May 2020,31 May 2020,31 May 2020,31 May 2020,,2,2,2,2,2,2,2,,"18 May 2020

E-  875
E+  925
M-  875
M+  925
P-  925
P+  925
T-  875
T+  925
AE- 1250
AE+ 1250
AM- 1250
AM+ 1250","19 May 2020

E-  875
E+  925
M-  875
M+  925
P-  925
P+  925
T-  875
T+  925
AE- 1250
AE+ 1250
AM- 1250
AM+ 1250","20 May 2020

E-  875
E+  925
M-  875
M+  925
P-  925
P+  925
T-  875
T+  925
AE- 1250
AE+ 1250
AM- 1250
AM+ 1250","21 May 2020

E-  875
E+  925
M-  875
M+  925
P-  925
P+  925
T-  875
T+  925
AE- 1250
AE+ 1250
AM- 1250
AM+ 1250","22 May 2020

E-  875
E+  925
M-  875
M+  925
P-  925
P+  925
T-  875
T+  925
AE- 1250
AE+ 1250
AM- 1250
AM+ 1250","23 May 2020

E-  875
E+  925
M-  875
M+  925
P-  925
P+  925
T-  875
T+  925
AE- 1250
AE+ 1250
AM- 1250
AM+ 1250","24 May 2020

E-  875
E+  925
M-  875
M+  925
P-  925
P+  925
T-  875
T+  925
AE- 1250
AE+ 1250
AM- 1250
AM+ 1250"
25 May 2020,26 May 2020,27 May 2020,28 May 2020,29 May 2020,30 May 2020,31 May 2020,,31 May 2020,31 May 2020,31 May 2020,31 May 2020,31 May 2020,31 May 2020,31 May 2020,,1,1,1,1,1,1,1,,"25 May 2020

E-  435
E+  460
M-  435
M+  460
P-  460
P+  460
T-  435
T+  460
AE- 625
AE+ 625
AM- 625
AM+ 625","26 May 2020

E-  435
E+  460
M-  435
M+  460
P-  460
P+  460
T-  435
T+  460
AE- 625
AE+ 625
AM- 625
AM+ 625","27 May 2020

E-  435
E+  460
M-  435
M+  460
P-  460
P+  460
T-  435
T+  460
AE- 625
AE+ 625
AM- 625
AM+ 625","28 May 2020

E-  435
E+  460
M-  435
M+  460
P-  460
P+  460
T-  435
T+  460
AE- 625
AE+ 625
AM- 625
AM+ 625","29 May 2020

E-  435
E+  460
M-  435
M+  460
P-  460
P+  460
T-  435
T+  460
AE- 625
AE+ 625
AM- 625
AM+ 625","30 May 2020

E-  435
E+  460
M-  435
M+  460
P-  460
P+  460
T-  435
T+  460
AE- 625
AE+ 625
AM- 625
AM+ 625","31 May 2020

E-  435
E+  460
M-  435
M+  460
P-  460
P+  460
T-  435
T+  460
AE- 625
AE+ 625
AM- 625
AM+ 625"
1 Jun 2020,2 Jun 2020,3 Jun 2020,4 Jun 2020,5 Jun 2020,6 Jun 2020,7 Jun 2020,,28 Jun 2020,28 Jun 2020,28 Jun 2020,28 Jun 2020,28 Jun 2020,28 Jun 2020,28 Jun 2020,,4,4,4,4,4,4,4,,"01 Jun 2020

E-  1750
E+  1850
M-  1750
M+  1850
P-  1850
P+  1850
T-  1750
T+  1850
AE- 2500
AE+ 2500
AM- 2500
AM+ 2500","02 Jun 2020

E-  1750
E+  1850
M-  1750
M+  1850
P-  1850
P+  1850
T-  1750
T+  1850
AE- 2500
AE+ 2500
AM- 2500
AM+ 2500","03 Jun 2020

E-  1750
E+  1850
M-  1750
M+  1850
P-  1850
P+  1850
T-  1750
T+  1850
AE- 2500
AE+ 2500
AM- 2500
AM+ 2500","04 Jun 2020

E-  1750
E+  1850
M-  1750
M+  1850
P-  1850
P+  1850
T-  1750
T+  1850
AE- 2500
AE+ 2500
AM- 2500
AM+ 2500","05 Jun 2020

E-  1750
E+  1850
M-  1750
M+  1850
P-  1850
P+  1850
T-  1750
T+  1850
AE- 2500
AE+ 2500
AM- 2500
AM+ 2500","06 Jun 2020

E-  1750
E+  1850
M-  1750
M+  1850
P-  1850
P+  1850
T-  1750
T+  1850
AE- 2500
AE+ 2500
AM- 2500
AM+ 2500","07 Jun 2020

E-  1750
E+  1850
M-  1750
M+  1850
P-  1850
P+  1850
T-  1750
T+  1850
AE- 2500
AE+ 2500
AM- 2500
AM+ 2500"
8 Jun 2020,9 Jun 2020,10 Jun 2020,11 Jun 2020,12 Jun 2020,13 Jun 2020,14 Jun 2020,,28 Jun 2020,28 Jun 2020,28 Jun 2020,28 Jun 2020,28 Jun 2020,28 Jun 2020,28 Jun 2020,,3,3,3,3,3,3,3,,"08 Jun 2020

E-  1310
E+  1385
M-  1310
M+  1385
P-  1385
P+  1385
T-  1310
T+  1385
AE- 1875
AE+ 1875
AM- 1875
AM+ 1875","09 Jun 2020

E-  1310
E+  1385
M-  1310
M+  1385
P-  1385
P+  1385
T-  1310
T+  1385
AE- 1875
AE+ 1875
AM- 1875
AM+ 1875","10 Jun 2020

E-  1310
E+  1385
M-  1310
M+  1385
P-  1385
P+  1385
T-  1310
T+  1385
AE- 1875
AE+ 1875
AM- 1875
AM+ 1875","11 Jun 2020

E-  1310
E+  1385
M-  1310
M+  1385
P-  1385
P+  1385
T-  1310
T+  1385
AE- 1875
AE+ 1875
AM- 1875
AM+ 1875","12 Jun 2020

E-  1310
E+  1385
M-  1310
M+  1385
P-  1385
P+  1385
T-  1310
T+  1385
AE- 1875
AE+ 1875
AM- 1875
AM+ 1875","13 Jun 2020

E-  1310
E+  1385
M-  1310
M+  1385
P-  1385
P+  1385
T-  1310
T+  1385
AE- 1875
AE+ 1875
AM- 1875
AM+ 1875","14 Jun 2020

E-  1310
E+  1385
M-  1310
M+  1385
P-  1385
P+  1385
T-  1310
T+  1385
AE- 1875
AE+ 1875
AM- 1875
AM+ 1875"
15 Jun 2020,16 Jun 2020,17 Jun 2020,18 Jun 2020,19 Jun 2020,20 Jun 2020,21 Jun 2020,,28 Jun 2020,28 Jun 2020,28 Jun 2020,28 Jun 2020,28 Jun 2020,28 Jun 2020,28 Jun 2020,,2,2,2,2,2,2,2,,"15 Jun 2020

E-  875
E+  925
M-  875
M+  925
P-  925
P+  925
T-  875
T+  925
AE- 1250
AE+ 1250
AM- 1250
AM+ 1250","16 Jun 2020

E-  875
E+  925
M-  875
M+  925
P-  925
P+  925
T-  875
T+  925
AE- 1250
AE+ 1250
AM- 1250
AM+ 1250","17 Jun 2020

E-  875
E+  925
M-  875
M+  925
P-  925
P+  925
T-  875
T+  925
AE- 1250
AE+ 1250
AM- 1250
AM+ 1250","18 Jun 2020

E-  875
E+  925
M-  875
M+  925
P-  925
P+  925
T-  875
T+  925
AE- 1250
AE+ 1250
AM- 1250
AM+ 1250","19 Jun 2020

E-  875
E+  925
M-  875
M+  925
P-  925
P+  925
T-  875
T+  925
AE- 1250
AE+ 1250
AM- 1250
AM+ 1250","20 Jun 2020

E-  875
E+  925
M-  875
M+  925
P-  925
P+  925
T-  875
T+  925
AE- 1250
AE+ 1250
AM- 1250
AM+ 1250","21 Jun 2020

E-  875
E+  925
M-  875
M+  925
P-  925
P+  925
T-  875
T+  925
AE- 1250
AE+ 1250
AM- 1250
AM+ 1250"
22 Jun 2020,23 Jun 2020,24 Jun 2020,25 Jun 2020,26 Jun 2020,27 Jun 2020,28 Jun 2020,,28 Jun 2020,28 Jun 2020,28 Jun 2020,28 Jun 2020,28 Jun 2020,28 Jun 2020,28 Jun 2020,,1,1,1,1,1,1,1,,"22 Jun 2020

E-  435
E+  460
M-  435
M+  460
P-  460
P+  460
T-  435
T+  460
AE- 625
AE+ 625
AM- 625
AM+ 625","23 Jun 2020

E-  435
E+  460
M-  435
M+  460
P-  460
P+  460
T-  435
T+  460
AE- 625
AE+ 625
AM- 625
AM+ 625","24 Jun 2020

E-  435
E+  460
M-  435
M+  460
P-  460
P+  460
T-  435
T+  460
AE- 625
AE+ 625
AM- 625
AM+ 625","25 Jun 2020

E-  435
E+  460
M-  435
M+  460
P-  460
P+  460
T-  435
T+  460
AE- 625
AE+ 625
AM- 625
AM+ 625","26 Jun 2020

E-  435
E+  460
M-  435
M+  460
P-  460
P+  460
T-  435
T+  460
AE- 625
AE+ 625
AM- 625
AM+ 625","27 Jun 2020

E-  435
E+  460
M-  435
M+  460
P-  460
P+  460
T-  435
T+  460
AE- 625
AE+ 625
AM- 625
AM+ 625","28 Jun 2020

E-  435
E+  460
M-  435
M+  460
P-  460
P+  460
T-  435
T+  460
AE- 625
AE+ 625
AM- 625
AM+ 625"
29 Jun 2020,30 Jun 2020,1 Jul 2020,2 Jul 2020,3 Jul 2020,4 Jul 2020,5 Jul 2020,,26 Jul 2020,26 Jul 2020,26 Jul 2020,26 Jul 2020,26 Jul 2020,26 Jul 2020,26 Jul 2020,,4,4,4,4,4,4,4,,"29 Jun 2020

E-  1750
E+  1850
M-  1750
M+  1850
P-  1850
P+  1850
T-  1750
T+  1850
AE- 2500
AE+ 2500
AM- 2500
AM+ 2500","30 Jun 2020

E-  1750
E+  1850
M-  1750
M+  1850
P-  1850
P+  1850
T-  1750
T+  1850
AE- 2500
AE+ 2500
AM- 2500
AM+ 2500","01 Jul 2020

E-  1750
E+  1850
M-  1750
M+  1850
P-  1850
P+  1850
T-  1750
T+  1850
AE- 2500
AE+ 2500
AM- 2500
AM+ 2500","02 Jul 2020

E-  1750
E+  1850
M-  1750
M+  1850
P-  1850
P+  1850
T-  1750
T+  1850
AE- 2500
AE+ 2500
AM- 2500
AM+ 2500","03 Jul 2020

E-  1750
E+  1850
M-  1750
M+  1850
P-  1850
P+  1850
T-  1750
T+  1850
AE- 2500
AE+ 2500
AM- 2500
AM+ 2500","04 Jul 2020

E-  1750
E+  1850
M-  1750
M+  1850
P-  1850
P+  1850
T-  1750
T+  1850
AE- 2500
AE+ 2500
AM- 2500
AM+ 2500","05 Jul 2020

E-  1750
E+  1850
M-  1750
M+  1850
P-  1850
P+  1850
T-  1750
T+  1850
AE- 2500
AE+ 2500
AM- 2500
AM+ 2500"
6 Jul 2020,7 Jul 2020,8 Jul 2020,9 Jul 2020,10 Jul 2020,11 Jul 2020,12 Jul 2020,,26 Jul 2020,26 Jul 2020,26 Jul 2020,26 Jul 2020,26 Jul 2020,26 Jul 2020,26 Jul 2020,,3,3,3,3,3,3,3,,"06 Jul 2020

E-  1310
E+  1385
M-  1310
M+  1385
P-  1385
P+  1385
T-  1310
T+  1385
AE- 1875
AE+ 1875
AM- 1875
AM+ 1875","07 Jul 2020

E-  1310
E+  1385
M-  1310
M+  1385
P-  1385
P+  1385
T-  1310
T+  1385
AE- 1875
AE+ 1875
AM- 1875
AM+ 1875","08 Jul 2020

E-  1310
E+  1385
M-  1310
M+  1385
P-  1385
P+  1385
T-  1310
T+  1385
AE- 1875
AE+ 1875
AM- 1875
AM+ 1875","09 Jul 2020

E-  1310
E+  1385
M-  1310
M+  1385
P-  1385
P+  1385
T-  1310
T+  1385
AE- 1875
AE+ 1875
AM- 1875
AM+ 1875","10 Jul 2020

E-  1310
E+  1385
M-  1310
M+  1385
P-  1385
P+  1385
T-  1310
T+  1385
AE- 1875
AE+ 1875
AM- 1875
AM+ 1875","11 Jul 2020

E-  1310
E+  1385
M-  1310
M+  1385
P-  1385
P+  1385
T-  1310
T+  1385
AE- 1875
AE+ 1875
AM- 1875
AM+ 1875","12 Jul 2020

E-  1310
E+  1385
M-  1310
M+  1385
P-  1385
P+  1385
T-  1310
T+  1385
AE- 1875
AE+ 1875
AM- 1875
AM+ 1875"
13 Jul 2020,14 Jul 2020,15 Jul 2020,16 Jul 2020,17 Jul 2020,18 Jul 2020,19 Jul 2020,,26 Jul 2020,26 Jul 2020,26 Jul 2020,26 Jul 2020,26 Jul 2020,26 Jul 2020,26 Jul 2020,,2,2,2,2,2,2,2,,"13 Jul 2020

E-  875
E+  925
M-  875
M+  925
P-  925
P+  925
T-  875
T+  925
AE- 1250
AE+ 1250
AM- 1250
AM+ 1250","14 Jul 2020

E-  875
E+  925
M-  875
M+  925
P-  925
P+  925
T-  875
T+  925
AE- 1250
AE+ 1250
AM- 1250
AM+ 1250","15 Jul 2020

E-  875
E+  925
M-  875
M+  925
P-  925
P+  925
T-  875
T+  925
AE- 1250
AE+ 1250
AM- 1250
AM+ 1250","16 Jul 2020

E-  875
E+  925
M-  875
M+  925
P-  925
P+  925
T-  875
T+  925
AE- 1250
AE+ 1250
AM- 1250
AM+ 1250","17 Jul 2020

E-  875
E+  925
M-  875
M+  925
P-  925
P+  925
T-  875
T+  925
AE- 1250
AE+ 1250
AM- 1250
AM+ 1250","18 Jul 2020

E-  875
E+  925
M-  875
M+  925
P-  925
P+  925
T-  875
T+  925
AE- 1250
AE+ 1250
AM- 1250
AM+ 1250","19 Jul 2020

E-  875
E+  925
M-  875
M+  925
P-  925
P+  925
T-  875
T+  925
AE- 1250
AE+ 1250
AM- 1250
AM+ 1250"
20 Jul 2020,21 Jul 2020,22 Jul 2020,23 Jul 2020,24 Jul 2020,25 Jul 2020,26 Jul 2020,,26 Jul 2020,26 Jul 2020,26 Jul 2020,26 Jul 2020,26 Jul 2020,26 Jul 2020,26 Jul 2020,,1,1,1,1,1,1,1,,"20 Jul 2020

E-  435
E+  460
M-  435
M+  460
P-  460
P+  460
T-  435
T+  460
AE- 625
AE+ 625
AM- 625
AM+ 625","21 Jul 2020

E-  435
E+  460
M-  435
M+  460
P-  460
P+  460
T-  435
T+  460
AE- 625
AE+ 625
AM- 625
AM+ 625","22 Jul 2020

E-  435
E+  460
M-  435
M+  460
P-  460
P+  460
T-  435
T+  460
AE- 625
AE+ 625
AM- 625
AM+ 625","23 Jul 2020

E-  435
E+  460
M-  435
M+  460
P-  460
P+  460
T-  435
T+  460
AE- 625
AE+ 625
AM- 625
AM+ 625","24 Jul 2020

E-  435
E+  460
M-  435
M+  460
P-  460
P+  460
T-  435
T+  460
AE- 625
AE+ 625
AM- 625
AM+ 625","25 Jul 2020

E-  435
E+  460
M-  435
M+  460
P-  460
P+  460
T-  435
T+  460
AE- 625
AE+ 625
AM- 625
AM+ 625","26 Jul 2020

E-  435
E+  460
M-  435
M+  460
P-  460
P+  460
T-  435
T+  460
AE- 625
AE+ 625
AM- 625
AM+ 625"
27 Jul 2020,28 Jul 2020,29 Jul 2020,30 Jul 2020,31 Jul 2020,1 Aug 2020,2 Aug 2020,,30 Aug 2020,30 Aug 2020,30 Aug 2020,30 Aug 2020,30 Aug 2020,30 Aug 2020,30 Aug 2020,,4,4,4,4,4,4,4,,"27 Jul 2020

E-  1750
E+  1850
M-  1750
M+  1850
P-  1850
P+  1850
T-  1750
T+  1850
AE- 2500
AE+ 2500
AM- 2500
AM+ 2500","28 Jul 2020

E-  1750
E+  1850
M-  1750
M+  1850
P-  1850
P+  1850
T-  1750
T+  1850
AE- 2500
AE+ 2500
AM- 2500
AM+ 2500","29 Jul 2020

E-  1750
E+  1850
M-  1750
M+  1850
P-  1850
P+  1850
T-  1750
T+  1850
AE- 2500
AE+ 2500
AM- 2500
AM+ 2500","30 Jul 2020

E-  1750
E+  1850
M-  1750
M+  1850
P-  1850
P+  1850
T-  1750
T+  1850
AE- 2500
AE+ 2500
AM- 2500
AM+ 2500","31 Jul 2020

E-  1750
E+  1850
M-  1750
M+  1850
P-  1850
P+  1850
T-  1750
T+  1850
AE- 2500
AE+ 2500
AM- 2500
AM+ 2500","01 Aug 2020

E-  1750
E+  1850
M-  1750
M+  1850
P-  1850
P+  1850
T-  1750
T+  1850
AE- 2500
AE+ 2500
AM- 2500
AM+ 2500","02 Aug 2020

E-  1750
E+  1850
M-  1750
M+  1850
P-  1850
P+  1850
T-  1750
T+  1850
AE- 2500
AE+ 2500
AM- 2500
AM+ 2500"
3 Aug 2020,4 Aug 2020,5 Aug 2020,6 Aug 2020,7 Aug 2020,8 Aug 2020,9 Aug 2020,,30 Aug 2020,30 Aug 2020,30 Aug 2020,30 Aug 2020,30 Aug 2020,30 Aug 2020,30 Aug 2020,,4,4,4,4,4,4,4,,"03 Aug 2020

E-  1750
E+  1850
M-  1750
M+  1850
P-  1850
P+  1850
T-  1750
T+  1850
AE- 2500
AE+ 2500
AM- 2500
AM+ 2500","04 Aug 2020

E-  1750
E+  1850
M-  1750
M+  1850
P-  1850
P+  1850
T-  1750
T+  1850
AE- 2500
AE+ 2500
AM- 2500
AM+ 2500","05 Aug 2020

E-  1750
E+  1850
M-  1750
M+  1850
P-  1850
P+  1850
T-  1750
T+  1850
AE- 2500
AE+ 2500
AM- 2500
AM+ 2500","06 Aug 2020

E-  1750
E+  1850
M-  1750
M+  1850
P-  1850
P+  1850
T-  1750
T+  1850
AE- 2500
AE+ 2500
AM- 2500
AM+ 2500","07 Aug 2020

E-  1750
E+  1850
M-  1750
M+  1850
P-  1850
P+  1850
T-  1750
T+  1850
AE- 2500
AE+ 2500
AM- 2500
AM+ 2500","08 Aug 2020

E-  1750
E+  1850
M-  1750
M+  1850
P-  1850
P+  1850
T-  1750
T+  1850
AE- 2500
AE+ 2500
AM- 2500
AM+ 2500","09 Aug 2020

E-  1750
E+  1850
M-  1750
M+  1850
P-  1850
P+  1850
T-  1750
T+  1850
AE- 2500
AE+ 2500
AM- 2500
AM+ 2500"
10 Aug 2020,11 Aug 2020,12 Aug 2020,13 Aug 2020,14 Aug 2020,15 Aug 2020,16 Aug 2020,,30 Aug 2020,30 Aug 2020,30 Aug 2020,30 Aug 2020,30 Aug 2020,30 Aug 2020,30 Aug 2020,,3,3,3,3,3,3,3,,"10 Aug 2020

E-  1310
E+  1385
M-  1310
M+  1385
P-  1385
P+  1385
T-  1310
T+  1385
AE- 1875
AE+ 1875
AM- 1875
AM+ 1875","11 Aug 2020

E-  1310
E+  1385
M-  1310
M+  1385
P-  1385
P+  1385
T-  1310
T+  1385
AE- 1875
AE+ 1875
AM- 1875
AM+ 1875","12 Aug 2020

E-  1310
E+  1385
M-  1310
M+  1385
P-  1385
P+  1385
T-  1310
T+  1385
AE- 1875
AE+ 1875
AM- 1875
AM+ 1875","13 Aug 2020

E-  1310
E+  1385
M-  1310
M+  1385
P-  1385
P+  1385
T-  1310
T+  1385
AE- 1875
AE+ 1875
AM- 1875
AM+ 1875","14 Aug 2020

E-  1310
E+  1385
M-  1310
M+  1385
P-  1385
P+  1385
T-  1310
T+  1385
AE- 1875
AE+ 1875
AM- 1875
AM+ 1875","15 Aug 2020

E-  1310
E+  1385
M-  1310
M+  1385
P-  1385
P+  1385
T-  1310
T+  1385
AE- 1875
AE+ 1875
AM- 1875
AM+ 1875","16 Aug 2020

E-  1310
E+  1385
M-  1310
M+  1385
P-  1385
P+  1385
T-  1310
T+  1385
AE- 1875
AE+ 1875
AM- 1875
AM+ 1875"
17 Aug 2020,18 Aug 2020,19 Aug 2020,20 Aug 2020,21 Aug 2020,22 Aug 2020,23 Aug 2020,,30 Aug 2020,30 Aug 2020,30 Aug 2020,30 Aug 2020,30 Aug 2020,30 Aug 2020,30 Aug 2020,,2,2,2,2,2,2,2,,"17 Aug 2020

E-  875
E+  925
M-  875
M+  925
P-  925
P+  925
T-  875
T+  925
AE- 1250
AE+ 1250
AM- 1250
AM+ 1250","18 Aug 2020

E-  875
E+  925
M-  875
M+  925
P-  925
P+  925
T-  875
T+  925
AE- 1250
AE+ 1250
AM- 1250
AM+ 1250","19 Aug 2020

E-  875
E+  925
M-  875
M+  925
P-  925
P+  925
T-  875
T+  925
AE- 1250
AE+ 1250
AM- 1250
AM+ 1250","20 Aug 2020

E-  875
E+  925
M-  875
M+  925
P-  925
P+  925
T-  875
T+  925
AE- 1250
AE+ 1250
AM- 1250
AM+ 1250","21 Aug 2020

E-  875
E+  925
M-  875
M+  925
P-  925
P+  925
T-  875
T+  925
AE- 1250
AE+ 1250
AM- 1250
AM+ 1250","22 Aug 2020

E-  875
E+  925
M-  875
M+  925
P-  925
P+  925
T-  875
T+  925
AE- 1250
AE+ 1250
AM- 1250
AM+ 1250","23 Aug 2020

E-  875
E+  925
M-  875
M+  925
P-  925
P+  925
T-  875
T+  925
AE- 1250
AE+ 1250
AM- 1250
AM+ 1250"
24 Aug 2020,25 Aug 2020,26 Aug 2020,27 Aug 2020,28 Aug 2020,29 Aug 2020,30 Aug 2020,,30 Aug 2020,30 Aug 2020,30 Aug 2020,30 Aug 2020,30 Aug 2020,30 Aug 2020,30 Aug 2020,,1,1,1,1,1,1,1,,"24 Aug 2020

E-  435
E+  460
M-  435
M+  460
P-  460
P+  460
T-  435
T+  460
AE- 625
AE+ 625
AM- 625
AM+ 625","25 Aug 2020

E-  435
E+  460
M-  435
M+  460
P-  460
P+  460
T-  435
T+  460
AE- 625
AE+ 625
AM- 625
AM+ 625","26 Aug 2020

E-  435
E+  460
M-  435
M+  460
P-  460
P+  460
T-  435
T+  460
AE- 625
AE+ 625
AM- 625
AM+ 625","27 Aug 2020

E-  435
E+  460
M-  435
M+  460
P-  460
P+  460
T-  435
T+  460
AE- 625
AE+ 625
AM- 625
AM+ 625","28 Aug 2020

E-  435
E+  460
M-  435
M+  460
P-  460
P+  460
T-  435
T+  460
AE- 625
AE+ 625
AM- 625
AM+ 625","29 Aug 2020

E-  435
E+  460
M-  435
M+  460
P-  460
P+  460
T-  435
T+  460
AE- 625
AE+ 625
AM- 625
AM+ 625","30 Aug 2020

E-  435
E+  460
M-  435
M+  460
P-  460
P+  460
T-  435
T+  460
AE- 625
AE+ 625
AM- 625
AM+ 625"
31 Aug 2020,1 Sep 2020,2 Sep 2020,3 Sep 2020,4 Sep 2020,5 Sep 2020,6 Sep 2020,,27 Sep 2020,27 Sep 2020,27 Sep 2020,27 Sep 2020,27 Sep 2020,27 Sep 2020,27 Sep 2020,,4,4,4,4,4,4,4,,"31 Aug 2020

E-  1750
E+  1850
M-  1750
M+  1850
P-  1850
P+  1850
T-  1750
T+  1850
AE- 2500
AE+ 2500
AM- 2500
AM+ 2500","01 Sep 2020

E-  1750
E+  1850
M-  1750
M+  1850
P-  1850
P+  1850
T-  1750
T+  1850
AE- 2500
AE+ 2500
AM- 2500
AM+ 2500","02 Sep 2020

E-  1750
E+  1850
M-  1750
M+  1850
P-  1850
P+  1850
T-  1750
T+  1850
AE- 2500
AE+ 2500
AM- 2500
AM+ 2500","03 Sep 2020

E-  1750
E+  1850
M-  1750
M+  1850
P-  1850
P+  1850
T-  1750
T+  1850
AE- 2500
AE+ 2500
AM- 2500
AM+ 2500","04 Sep 2020

E-  1750
E+  1850
M-  1750
M+  1850
P-  1850
P+  1850
T-  1750
T+  1850
AE- 2500
AE+ 2500
AM- 2500
AM+ 2500","05 Sep 2020

E-  1750
E+  1850
M-  1750
M+  1850
P-  1850
P+  1850
T-  1750
T+  1850
AE- 2500
AE+ 2500
AM- 2500
AM+ 2500","06 Sep 2020

E-  1750
E+  1850
M-  1750
M+  1850
P-  1850
P+  1850
T-  1750
T+  1850
AE- 2500
AE+ 2500
AM- 2500
AM+ 2500"
7 Sep 2020,8 Sep 2020,9 Sep 2020,10 Sep 2020,11 Sep 2020,12 Sep 2020,13 Sep 2020,,27 Sep 2020,27 Sep 2020,27 Sep 2020,27 Sep 2020,27 Sep 2020,27 Sep 2020,27 Sep 2020,,3,3,3,3,3,3,3,,"07 Sep 2020

E-  1310
E+  1385
M-  1310
M+  1385
P-  1385
P+  1385
T-  1310
T+  1385
AE- 1875
AE+ 1875
AM- 1875
AM+ 1875","08 Sep 2020

E-  1310
E+  1385
M-  1310
M+  1385
P-  1385
P+  1385
T-  1310
T+  1385
AE- 1875
AE+ 1875
AM- 1875
AM+ 1875","09 Sep 2020

E-  1310
E+  1385
M-  1310
M+  1385
P-  1385
P+  1385
T-  1310
T+  1385
AE- 1875
AE+ 1875
AM- 1875
AM+ 1875","10 Sep 2020

E-  1310
E+  1385
M-  1310
M+  1385
P-  1385
P+  1385
T-  1310
T+  1385
AE- 1875
AE+ 1875
AM- 1875
AM+ 1875","11 Sep 2020

E-  1310
E+  1385
M-  1310
M+  1385
P-  1385
P+  1385
T-  1310
T+  1385
AE- 1875
AE+ 1875
AM- 1875
AM+ 1875","12 Sep 2020

E-  1310
E+  1385
M-  1310
M+  1385
P-  1385
P+  1385
T-  1310
T+  1385
AE- 1875
AE+ 1875
AM- 1875
AM+ 1875","13 Sep 2020

E-  1310
E+  1385
M-  1310
M+  1385
P-  1385
P+  1385
T-  1310
T+  1385
AE- 1875
AE+ 1875
AM- 1875
AM+ 1875"
14 Sep 2020,15 Sep 2020,16 Sep 2020,17 Sep 2020,18 Sep 2020,19 Sep 2020,20 Sep 2020,,27 Sep 2020,27 Sep 2020,27 Sep 2020,27 Sep 2020,27 Sep 2020,27 Sep 2020,27 Sep 2020,,2,2,2,2,2,2,2,,"14 Sep 2020

E-  875
E+  925
M-  875
M+  925
P-  925
P+  925
T-  875
T+  925
AE- 1250
AE+ 1250
AM- 1250
AM+ 1250","15 Sep 2020

E-  875
E+  925
M-  875
M+  925
P-  925
P+  925
T-  875
T+  925
AE- 1250
AE+ 1250
AM- 1250
AM+ 1250","16 Sep 2020

E-  875
E+  925
M-  875
M+  925
P-  925
P+  925
T-  875
T+  925
AE- 1250
AE+ 1250
AM- 1250
AM+ 1250","17 Sep 2020

E-  875
E+  925
M-  875
M+  925
P-  925
P+  925
T-  875
T+  925
AE- 1250
AE+ 1250
AM- 1250
AM+ 1250","18 Sep 2020

E-  875
E+  925
M-  875
M+  925
P-  925
P+  925
T-  875
T+  925
AE- 1250
AE+ 1250
AM- 1250
AM+ 1250","19 Sep 2020

E-  875
E+  925
M-  875
M+  925
P-  925
P+  925
T-  875
T+  925
AE- 1250
AE+ 1250
AM- 1250
AM+ 1250","20 Sep 2020

E-  875
E+  925
M-  875
M+  925
P-  925
P+  925
T-  875
T+  925
AE- 1250
AE+ 1250
AM- 1250
AM+ 1250"
21 Sep 2020,22 Sep 2020,23 Sep 2020,24 Sep 2020,25 Sep 2020,26 Sep 2020,27 Sep 2020,,27 Sep 2020,27 Sep 2020,27 Sep 2020,27 Sep 2020,27 Sep 2020,27 Sep 2020,27 Sep 2020,,1,1,1,1,1,1,1,,"21 Sep 2020

E-  435
E+  460
M-  435
M+  460
P-  460
P+  460
T-  435
T+  460
AE- 625
AE+ 625
AM- 625
AM+ 625","22 Sep 2020

E-  435
E+  460
M-  435
M+  460
P-  460
P+  460
T-  435
T+  460
AE- 625
AE+ 625
AM- 625
AM+ 625","23 Sep 2020

E-  435
E+  460
M-  435
M+  460
P-  460
P+  460
T-  435
T+  460
AE- 625
AE+ 625
AM- 625
AM+ 625","24 Sep 2020

E-  435
E+  460
M-  435
M+  460
P-  460
P+  460
T-  435
T+  460
AE- 625
AE+ 625
AM- 625
AM+ 625","25 Sep 2020

E-  435
E+  460
M-  435
M+  460
P-  460
P+  460
T-  435
T+  460
AE- 625
AE+ 625
AM- 625
AM+ 625","26 Sep 2020

E-  435
E+  460
M-  435
M+  460
P-  460
P+  460
T-  435
T+  460
AE- 625
AE+ 625
AM- 625
AM+ 625","27 Sep 2020

E-  435
E+  460
M-  435
M+  460
P-  460
P+  460
T-  435
T+  460
AE- 625
AE+ 625
AM- 625
AM+ 625"
28 Sep 2020,29 Sep 2020,30 Sep 2020,1 Oct 2020,2 Oct 2020,3 Oct 2020,4 Oct 2020,,25 Oct 2020,25 Oct 2020,25 Oct 2020,25 Oct 2020,25 Oct 2020,25 Oct 2020,25 Oct 2020,,4,4,4,4,4,4,4,,"28 Sep 2020

E-  1750
E+  1850
M-  1750
M+  1850
P-  1850
P+  1850
T-  1750
T+  1850
AE- 2500
AE+ 2500
AM- 2500
AM+ 2500","29 Sep 2020

E-  1750
E+  1850
M-  1750
M+  1850
P-  1850
P+  1850
T-  1750
T+  1850
AE- 2500
AE+ 2500
AM- 2500
AM+ 2500","30 Sep 2020

E-  1750
E+  1850
M-  1750
M+  1850
P-  1850
P+  1850
T-  1750
T+  1850
AE- 2500
AE+ 2500
AM- 2500
AM+ 2500","01 Oct 2020

E-  1750
E+  1850
M-  1750
M+  1850
P-  1850
P+  1850
T-  1750
T+  1850
AE- 2500
AE+ 2500
AM- 2500
AM+ 2500","02 Oct 2020

E-  1750
E+  1850
M-  1750
M+  1850
P-  1850
P+  1850
T-  1750
T+  1850
AE- 2500
AE+ 2500
AM- 2500
AM+ 2500","03 Oct 2020

E-  1750
E+  1850
M-  1750
M+  1850
P-  1850
P+  1850
T-  1750
T+  1850
AE- 2500
AE+ 2500
AM- 2500
AM+ 2500","04 Oct 2020

E-  1750
E+  1850
M-  1750
M+  1850
P-  1850
P+  1850
T-  1750
T+  1850
AE- 2500
AE+ 2500
AM- 2500
AM+ 2500"
5 Oct 2020,6 Oct 2020,7 Oct 2020,8 Oct 2020,9 Oct 2020,10 Oct 2020,11 Oct 2020,,25 Oct 2020,25 Oct 2020,25 Oct 2020,25 Oct 2020,25 Oct 2020,25 Oct 2020,25 Oct 2020,,3,3,3,3,3,3,3,,"05 Oct 2020

E-  1310
E+  1385
M-  1310
M+  1385
P-  1385
P+  1385
T-  1310
T+  1385
AE- 1875
AE+ 1875
AM- 1875
AM+ 1875","06 Oct 2020

E-  1310
E+  1385
M-  1310
M+  1385
P-  1385
P+  1385
T-  1310
T+  1385
AE- 1875
AE+ 1875
AM- 1875
AM+ 1875","07 Oct 2020

E-  1310
E+  1385
M-  1310
M+  1385
P-  1385
P+  1385
T-  1310
T+  1385
AE- 1875
AE+ 1875
AM- 1875
AM+ 1875","08 Oct 2020

E-  1310
E+  1385
M-  1310
M+  1385
P-  1385
P+  1385
T-  1310
T+  1385
AE- 1875
AE+ 1875
AM- 1875
AM+ 1875","09 Oct 2020

E-  1310
E+  1385
M-  1310
M+  1385
P-  1385
P+  1385
T-  1310
T+  1385
AE- 1875
AE+ 1875
AM- 1875
AM+ 1875","10 Oct 2020

E-  1310
E+  1385
M-  1310
M+  1385
P-  1385
P+  1385
T-  1310
T+  1385
AE- 1875
AE+ 1875
AM- 1875
AM+ 1875","11 Oct 2020

E-  1310
E+  1385
M-  1310
M+  1385
P-  1385
P+  1385
T-  1310
T+  1385
AE- 1875
AE+ 1875
AM- 1875
AM+ 1875"
12 Oct 2020,13 Oct 2020,14 Oct 2020,15 Oct 2020,16 Oct 2020,17 Oct 2020,18 Oct 2020,,25 Oct 2020,25 Oct 2020,25 Oct 2020,25 Oct 2020,25 Oct 2020,25 Oct 2020,25 Oct 2020,,2,2,2,2,2,2,2,,"12 Oct 2020

E-  875
E+  925
M-  875
M+  925
P-  925
P+  925
T-  875
T+  925
AE- 1250
AE+ 1250
AM- 1250
AM+ 1250","13 Oct 2020

E-  875
E+  925
M-  875
M+  925
P-  925
P+  925
T-  875
T+  925
AE- 1250
AE+ 1250
AM- 1250
AM+ 1250","14 Oct 2020

E-  875
E+  925
M-  875
M+  925
P-  925
P+  925
T-  875
T+  925
AE- 1250
AE+ 1250
AM- 1250
AM+ 1250","15 Oct 2020

E-  875
E+  925
M-  875
M+  925
P-  925
P+  925
T-  875
T+  925
AE- 1250
AE+ 1250
AM- 1250
AM+ 1250","16 Oct 2020

E-  875
E+  925
M-  875
M+  925
P-  925
P+  925
T-  875
T+  925
AE- 1250
AE+ 1250
AM- 1250
AM+ 1250","17 Oct 2020

E-  875
E+  925
M-  875
M+  925
P-  925
P+  925
T-  875
T+  925
AE- 1250
AE+ 1250
AM- 1250
AM+ 1250","18 Oct 2020

E-  875
E+  925
M-  875
M+  925
P-  925
P+  925
T-  875
T+  925
AE- 1250
AE+ 1250
AM- 1250
AM+ 1250"
19 Oct 2020,20 Oct 2020,21 Oct 2020,22 Oct 2020,23 Oct 2020,24 Oct 2020,25 Oct 2020,,25 Oct 2020,25 Oct 2020,25 Oct 2020,25 Oct 2020,25 Oct 2020,25 Oct 2020,25 Oct 2020,,1,1,1,1,1,1,1,,"19 Oct 2020

E-  435
E+  460
M-  435
M+  460
P-  460
P+  460
T-  435
T+  460
AE- 625
AE+ 625
AM- 625
AM+ 625","20 Oct 2020

E-  435
E+  460
M-  435
M+  460
P-  460
P+  460
T-  435
T+  460
AE- 625
AE+ 625
AM- 625
AM+ 625","21 Oct 2020

E-  435
E+  460
M-  435
M+  460
P-  460
P+  460
T-  435
T+  460
AE- 625
AE+ 625
AM- 625
AM+ 625","22 Oct 2020

E-  435
E+  460
M-  435
M+  460
P-  460
P+  460
T-  435
T+  460
AE- 625
AE+ 625
AM- 625
AM+ 625","23 Oct 2020

E-  435
E+  460
M-  435
M+  460
P-  460
P+  460
T-  435
T+  460
AE- 625
AE+ 625
AM- 625
AM+ 625","24 Oct 2020

E-  435
E+  460
M-  435
M+  460
P-  460
P+  460
T-  435
T+  460
AE- 625
AE+ 625
AM- 625
AM+ 625","25 Oct 2020

E-  435
E+  460
M-  435
M+  460
P-  460
P+  460
T-  435
T+  460
AE- 625
AE+ 625
AM- 625
AM+ 625"
26 Oct 2020,27 Oct 2020,28 Oct 2020,29 Oct 2020,30 Oct 2020,31 Oct 2020,1 Nov 2020,,29 Nov 2020,29 Nov 2020,29 Nov 2020,29 Nov 2020,29 Nov 2020,29 Nov 2020,29 Nov 2020,,4,4,4,4,4,4,4,,"26 Oct 2020

E-  1750
E+  1850
M-  1750
M+  1850
P-  1850
P+  1850
T-  1750
T+  1850
AE- 2500
AE+ 2500
AM- 2500
AM+ 2500","27 Oct 2020

E-  1750
E+  1850
M-  1750
M+  1850
P-  1850
P+  1850
T-  1750
T+  1850
AE- 2500
AE+ 2500
AM- 2500
AM+ 2500","28 Oct 2020

E-  1750
E+  1850
M-  1750
M+  1850
P-  1850
P+  1850
T-  1750
T+  1850
AE- 2500
AE+ 2500
AM- 2500
AM+ 2500","29 Oct 2020

E-  1750
E+  1850
M-  1750
M+  1850
P-  1850
P+  1850
T-  1750
T+  1850
AE- 2500
AE+ 2500
AM- 2500
AM+ 2500","30 Oct 2020

E-  1750
E+  1850
M-  1750
M+  1850
P-  1850
P+  1850
T-  1750
T+  1850
AE- 2500
AE+ 2500
AM- 2500
AM+ 2500","31 Oct 2020

E-  1750
E+  1850
M-  1750
M+  1850
P-  1850
P+  1850
T-  1750
T+  1850
AE- 2500
AE+ 2500
AM- 2500
AM+ 2500","01 Nov 2020

E-  1750
E+  1850
M-  1750
M+  1850
P-  1850
P+  1850
T-  1750
T+  1850
AE- 2500
AE+ 2500
AM- 2500
AM+ 2500"
2 Nov 2020,3 Nov 2020,4 Nov 2020,5 Nov 2020,6 Nov 2020,7 Nov 2020,8 Nov 2020,,29 Nov 2020,29 Nov 2020,29 Nov 2020,29 Nov 2020,29 Nov 2020,29 Nov 2020,29 Nov 2020,,4,4,4,4,4,4,4,,"02 Nov 2020

E-  1750
E+  1850
M-  1750
M+  1850
P-  1850
P+  1850
T-  1750
T+  1850
AE- 2500
AE+ 2500
AM- 2500
AM+ 2500","03 Nov 2020

E-  1750
E+  1850
M-  1750
M+  1850
P-  1850
P+  1850
T-  1750
T+  1850
AE- 2500
AE+ 2500
AM- 2500
AM+ 2500","04 Nov 2020

E-  1750
E+  1850
M-  1750
M+  1850
P-  1850
P+  1850
T-  1750
T+  1850
AE- 2500
AE+ 2500
AM- 2500
AM+ 2500","05 Nov 2020

E-  1750
E+  1850
M-  1750
M+  1850
P-  1850
P+  1850
T-  1750
T+  1850
AE- 2500
AE+ 2500
AM- 2500
AM+ 2500","06 Nov 2020

E-  1750
E+  1850
M-  1750
M+  1850
P-  1850
P+  1850
T-  1750
T+  1850
AE- 2500
AE+ 2500
AM- 2500
AM+ 2500","07 Nov 2020

E-  1750
E+  1850
M-  1750
M+  1850
P-  1850
P+  1850
T-  1750
T+  1850
AE- 2500
AE+ 2500
AM- 2500
AM+ 2500","08 Nov 2020

E-  1750
E+  1850
M-  1750
M+  1850
P-  1850
P+  1850
T-  1750
T+  1850
AE- 2500
AE+ 2500
AM- 2500
AM+ 2500"
9 Nov 2020,10 Nov 2020,11 Nov 2020,12 Nov 2020,13 Nov 2020,14 Nov 2020,15 Nov 2020,,29 Nov 2020,29 Nov 2020,29 Nov 2020,29 Nov 2020,29 Nov 2020,29 Nov 2020,29 Nov 2020,,3,3,3,3,3,3,3,,"09 Nov 2020

E-  1310
E+  1385
M-  1310
M+  1385
P-  1385
P+  1385
T-  1310
T+  1385
AE- 1875
AE+ 1875
AM- 1875
AM+ 1875","10 Nov 2020

E-  1310
E+  1385
M-  1310
M+  1385
P-  1385
P+  1385
T-  1310
T+  1385
AE- 1875
AE+ 1875
AM- 1875
AM+ 1875","11 Nov 2020

E-  1310
E+  1385
M-  1310
M+  1385
P-  1385
P+  1385
T-  1310
T+  1385
AE- 1875
AE+ 1875
AM- 1875
AM+ 1875","12 Nov 2020

E-  1310
E+  1385
M-  1310
M+  1385
P-  1385
P+  1385
T-  1310
T+  1385
AE- 1875
AE+ 1875
AM- 1875
AM+ 1875","13 Nov 2020

E-  1310
E+  1385
M-  1310
M+  1385
P-  1385
P+  1385
T-  1310
T+  1385
AE- 1875
AE+ 1875
AM- 1875
AM+ 1875","14 Nov 2020

E-  1310
E+  1385
M-  1310
M+  1385
P-  1385
P+  1385
T-  1310
T+  1385
AE- 1875
AE+ 1875
AM- 1875
AM+ 1875","15 Nov 2020

E-  1310
E+  1385
M-  1310
M+  1385
P-  1385
P+  1385
T-  1310
T+  1385
AE- 1875
AE+ 1875
AM- 1875
AM+ 1875"
16 Nov 2020,17 Nov 2020,18 Nov 2020,19 Nov 2020,20 Nov 2020,21 Nov 2020,22 Nov 2020,,29 Nov 2020,29 Nov 2020,29 Nov 2020,29 Nov 2020,29 Nov 2020,29 Nov 2020,29 Nov 2020,,2,2,2,2,2,2,2,,"16 Nov 2020

E-  875
E+  925
M-  875
M+  925
P-  925
P+  925
T-  875
T+  925
AE- 1250
AE+ 1250
AM- 1250
AM+ 1250","17 Nov 2020

E-  875
E+  925
M-  875
M+  925
P-  925
P+  925
T-  875
T+  925
AE- 1250
AE+ 1250
AM- 1250
AM+ 1250","18 Nov 2020

E-  875
E+  925
M-  875
M+  925
P-  925
P+  925
T-  875
T+  925
AE- 1250
AE+ 1250
AM- 1250
AM+ 1250","19 Nov 2020

E-  875
E+  925
M-  875
M+  925
P-  925
P+  925
T-  875
T+  925
AE- 1250
AE+ 1250
AM- 1250
AM+ 1250","20 Nov 2020

E-  875
E+  925
M-  875
M+  925
P-  925
P+  925
T-  875
T+  925
AE- 1250
AE+ 1250
AM- 1250
AM+ 1250","21 Nov 2020

E-  875
E+  925
M-  875
M+  925
P-  925
P+  925
T-  875
T+  925
AE- 1250
AE+ 1250
AM- 1250
AM+ 1250","22 Nov 2020

E-  875
E+  925
M-  875
M+  925
P-  925
P+  925
T-  875
T+  925
AE- 1250
AE+ 1250
AM- 1250
AM+ 1250"
23 Nov 2020,24 Nov 2020,25 Nov 2020,26 Nov 2020,27 Nov 2020,28 Nov 2020,29 Nov 2020,,29 Nov 2020,29 Nov 2020,29 Nov 2020,29 Nov 2020,29 Nov 2020,29 Nov 2020,29 Nov 2020,,1,1,1,1,1,1,1,,"23 Nov 2020

E-  435
E+  460
M-  435
M+  460
P-  460
P+  460
T-  435
T+  460
AE- 625
AE+ 625
AM- 625
AM+ 625","24 Nov 2020

E-  435
E+  460
M-  435
M+  460
P-  460
P+  460
T-  435
T+  460
AE- 625
AE+ 625
AM- 625
AM+ 625","25 Nov 2020

E-  435
E+  460
M-  435
M+  460
P-  460
P+  460
T-  435
T+  460
AE- 625
AE+ 625
AM- 625
AM+ 625","26 Nov 2020

E-  435
E+  460
M-  435
M+  460
P-  460
P+  460
T-  435
T+  460
AE- 625
AE+ 625
AM- 625
AM+ 625","27 Nov 2020

E-  435
E+  460
M-  435
M+  460
P-  460
P+  460
T-  435
T+  460
AE- 625
AE+ 625
AM- 625
AM+ 625","28 Nov 2020

E-  435
E+  460
M-  435
M+  460
P-  460
P+  460
T-  435
T+  460
AE- 625
AE+ 625
AM- 625
AM+ 625","29 Nov 2020

E-  435
E+  460
M-  435
M+  460
P-  460
P+  460
T-  435
T+  460
AE- 625
AE+ 625
AM- 625
AM+ 625"
30 Nov 2020,1 Dec 2020,2 Dec 2020,3 Dec 2020,4 Dec 2020,5 Dec 2020,6 Dec 2020,,27 Dec 2020,27 Dec 2020,27 Dec 2020,27 Dec 2020,27 Dec 2020,27 Dec 2020,27 Dec 2020,,4,4,4,4,4,4,4,,"30 Nov 2020

E-  1750
E+  1850
M-  1750
M+  1850
P-  1850
P+  1850
T-  1750
T+  1850
AE- 2500
AE+ 2500
AM- 2500
AM+ 2500","01 Dec 2020

E-  1750
E+  1850
M-  1750
M+  1850
P-  1850
P+  1850
T-  1750
T+  1850
AE- 2500
AE+ 2500
AM- 2500
AM+ 2500","02 Dec 2020

E-  1750
E+  1850
M-  1750
M+  1850
P-  1850
P+  1850
T-  1750
T+  1850
AE- 2500
AE+ 2500
AM- 2500
AM+ 2500","03 Dec 2020

E-  1750
E+  1850
M-  1750
M+  1850
P-  1850
P+  1850
T-  1750
T+  1850
AE- 2500
AE+ 2500
AM- 2500
AM+ 2500","04 Dec 2020

E-  1750
E+  1850
M-  1750
M+  1850
P-  1850
P+  1850
T-  1750
T+  1850
AE- 2500
AE+ 2500
AM- 2500
AM+ 2500","05 Dec 2020

E-  1750
E+  1850
M-  1750
M+  1850
P-  1850
P+  1850
T-  1750
T+  1850
AE- 2500
AE+ 2500
AM- 2500
AM+ 2500","06 Dec 2020

E-  1750
E+  1850
M-  1750
M+  1850
P-  1850
P+  1850
T-  1750
T+  1850
AE- 2500
AE+ 2500
AM- 2500
AM+ 2500"
7 Dec 2020,8 Dec 2020,9 Dec 2020,10 Dec 2020,11 Dec 2020,12 Dec 2020,13 Dec 2020,,27 Dec 2020,27 Dec 2020,27 Dec 2020,27 Dec 2020,27 Dec 2020,27 Dec 2020,27 Dec 2020,,3,3,3,3,3,3,3,,"07 Dec 2020

E-  1310
E+  1385
M-  1310
M+  1385
P-  1385
P+  1385
T-  1310
T+  1385
AE- 1875
AE+ 1875
AM- 1875
AM+ 1875","08 Dec 2020

E-  1310
E+  1385
M-  1310
M+  1385
P-  1385
P+  1385
T-  1310
T+  1385
AE- 1875
AE+ 1875
AM- 1875
AM+ 1875","09 Dec 2020

E-  1310
E+  1385
M-  1310
M+  1385
P-  1385
P+  1385
T-  1310
T+  1385
AE- 1875
AE+ 1875
AM- 1875
AM+ 1875","10 Dec 2020

E-  1310
E+  1385
M-  1310
M+  1385
P-  1385
P+  1385
T-  1310
T+  1385
AE- 1875
AE+ 1875
AM- 1875
AM+ 1875","11 Dec 2020

E-  1310
E+  1385
M-  1310
M+  1385
P-  1385
P+  1385
T-  1310
T+  1385
AE- 1875
AE+ 1875
AM- 1875
AM+ 1875","12 Dec 2020

E-  1310
E+  1385
M-  1310
M+  1385
P-  1385
P+  1385
T-  1310
T+  1385
AE- 1875
AE+ 1875
AM- 1875
AM+ 1875","13 Dec 2020

E-  1310
E+  1385
M-  1310
M+  1385
P-  1385
P+  1385
T-  1310
T+  1385
AE- 1875
AE+ 1875
AM- 1875
AM+ 1875"
14 Dec 2020,15 Dec 2020,16 Dec 2020,17 Dec 2020,18 Dec 2020,19 Dec 2020,20 Dec 2020,,27 Dec 2020,27 Dec 2020,27 Dec 2020,27 Dec 2020,27 Dec 2020,27 Dec 2020,27 Dec 2020,,2,2,2,2,2,2,2,,"14 Dec 2020

E-  875
E+  925
M-  875
M+  925
P-  925
P+  925
T-  875
T+  925
AE- 1250
AE+ 1250
AM- 1250
AM+ 1250","15 Dec 2020

E-  875
E+  925
M-  875
M+  925
P-  925
P+  925
T-  875
T+  925
AE- 1250
AE+ 1250
AM- 1250
AM+ 1250","16 Dec 2020

E-  875
E+  925
M-  875
M+  925
P-  925
P+  925
T-  875
T+  925
AE- 1250
AE+ 1250
AM- 1250
AM+ 1250","17 Dec 2020

E-  875
E+  925
M-  875
M+  925
P-  925
P+  925
T-  875
T+  925
AE- 1250
AE+ 1250
AM- 1250
AM+ 1250","18 Dec 2020

E-  875
E+  925
M-  875
M+  925
P-  925
P+  925
T-  875
T+  925
AE- 1250
AE+ 1250
AM- 1250
AM+ 1250","19 Dec 2020

E-  875
E+  925
M-  875
M+  925
P-  925
P+  925
T-  875
T+  925
AE- 1250
AE+ 1250
AM- 1250
AM+ 1250","20 Dec 2020

E-  875
E+  925
M-  875
M+  925
P-  925
P+  925
T-  875
T+  925
AE- 1250
AE+ 1250
AM- 1250
AM+ 1250"
21 Dec 2020,22 Dec 2020,23 Dec 2020,24 Dec 2020,25 Dec 2020,26 Dec 2020,27 Dec 2020,,27 Dec 2020,27 Dec 2020,27 Dec 2020,27 Dec 2020,27 Dec 2020,27 Dec 2020,27 Dec 2020,,1,1,1,1,1,1,1,,"21 Dec 2020

E-  435
E+  460
M-  435
M+  460
P-  460
P+  460
T-  435
T+  460
AE- 625
AE+ 625
AM- 625
AM+ 625","22 Dec 2020

E-  435
E+  460
M-  435
M+  460
P-  460
P+  460
T-  435
T+  460
AE- 625
AE+ 625
AM- 625
AM+ 625","23 Dec 2020

E-  435
E+  460
M-  435
M+  460
P-  460
P+  460
T-  435
T+  460
AE- 625
AE+ 625
AM- 625
AM+ 625","24 Dec 2020

E-  435
E+  460
M-  435
M+  460
P-  460
P+  460
T-  435
T+  460
AE- 625
AE+ 625
AM- 625
AM+ 625","25 Dec 2020

E-  435
E+  460
M-  435
M+  460
P-  460
P+  460
T-  435
T+  460
AE- 625
AE+ 625
AM- 625
AM+ 625","26 Dec 2020

E-  435
E+  460
M-  435
M+  460
P-  460
P+  460
T-  435
T+  460
AE- 625
AE+ 625
AM- 625
AM+ 625","27 Dec 2020

E-  435
E+  460
M-  435
M+  460
P-  460
P+  460
T-  435
T+  460
AE- 625
AE+ 625
AM- 625
AM+ 625"